team_id,team_name,region_league,team_url
b7edWal7,Istaravshan,TAJIKISTAN - Vysshaya Liga,https://www.flashscore.com/team/istaravshan/b7edWal7/
hQRUXPon,Istiqlol Dushanbe,TAJIKISTAN - Vysshaya Liga,https://www.flashscore.com/team/istiqlol-dushanbe/hQRUXPon/
rqPuN6y1,North Macedonia U18,WORLD - Friendly International,https://www.flashscore.com/team/montenegro/rqPuN6y1/
nkVwxv5O,Montenegro U18,WORLD - Friendly International,https://www.flashscore.com/team/north-macedonia/nkVwxv5O/
j5JKOfug,Anse Reunion,SEYCHELLES - Premier League,https://www.flashscore.com/team/anse-reunion/j5JKOfug/
ELM3WgvF,Foresters FC,SEYCHELLES - Premier League,https://www.flashscore.com/team/foresters/ELM3WgvF/
htcj68ms,Bashundara Kings,BANGLADESH - BFL,https://www.flashscore.com/team/bashundara-kings/htcj68ms/
6gHbafQi,Mohammedan,BANGLADESH - BFL,https://www.flashscore.com/team/mohammedan/6gHbafQi/
8AShqI0G,Adana Demirspor,TURKEY - 1. Lig,https://www.flashscore.com/team/adanademirspor/8AShqI0G/
WpwUHfZ0,Boluspor,TURKEY - 1. Lig,https://www.flashscore.com/team/boluspor/WpwUHfZ0/
KScUSuRF,APS Bomet,KENYA - Premier League,https://www.flashscore.com/team/aps-bomet/KScUSuRF/
WfxlGWpg,Posta Rangers,KENYA - Premier League,https://www.flashscore.com/team/posta-rangers/WfxlGWpg/
AuYxVndl,Bandari,KENYA - Premier League,https://www.flashscore.com/team/bandari/AuYxVndl/
GU9jbyMo,Gor Mahia,KENYA - Premier League,https://www.flashscore.com/team/mahia/GU9jbyMo/
0zjHr0CN,Bidco United,KENYA - Premier League,https://www.flashscore.com/team/bidco-united/0zjHr0CN/
lzS777jQ,Mathare Utd.,KENYA - Premier League,https://www.flashscore.com/team/mathare-united/lzS777jQ/
OfdPtDuK,Kakamega Homeboyz,KENYA - Premier League,https://www.flashscore.com/team/kakamega-homeboyz/OfdPtDuK/
YXH9gwV9,Shabana,KENYA - Premier League,https://www.flashscore.com/team/shabana/YXH9gwV9/
ADvRvuVg,Usce,SERBIA - Mozzart Bet Prva Liga,https://www.flashscore.com/team/dinamo-jug/ADvRvuVg/
fNA8iNmq,Dinamo Jug,SERBIA - Mozzart Bet Prva Liga,https://www.flashscore.com/team/usce/fNA8iNmq/
EuDj3M54,Lightstars,SEYCHELLES - Premier League,https://www.flashscore.com/team/cote-d-or/EuDj3M54/
z1fAInfF,Cote d'Or,SEYCHELLES - Premier League,https://www.flashscore.com/team/lightstars/z1fAInfF/
drd0zlZS,Chonburi,THAILAND - Thai League 1,https://www.flashscore.com/team/chonburi/drd0zlZS/
pQqbqyUn,Kanchanaburi,THAILAND - Thai League 1,https://www.flashscore.com/team/kanchanaburi/pQqbqyUn/
bgzfqXd1,Bourj FC,LEBANON - Premier League,https://www.flashscore.com/team/bourj/bgzfqXd1/
EgPzlxzo,Racing,LEBANON - Premier League,https://www.flashscore.com/team/racing/EgPzlxzo/
OImkpk5m,Tadamon,LEBANON - Premier League,https://www.flashscore.com/team/nejmeh-sc/OImkpk5m/
hWEObasb,Nejmeh SC,LEBANON - Premier League,https://www.flashscore.com/team/tadamon/hWEObasb/
KYVyZZDD,Al Jandal,SAUDI ARABIA - Division 1,https://www.flashscore.com/team/al-jandal/KYVyZZDD/
r1tdCVJC,Al Jubail,SAUDI ARABIA - Division 1,https://www.flashscore.com/team/al-jubail/r1tdCVJC/
lnEqnhJf,Abha,SAUDI ARABIA - Division 1,https://www.flashscore.com/team/abha/lnEqnhJf/
OC8T8zk3,Al-Ula,SAUDI ARABIA - Division 1,https://www.flashscore.com/team/al-ula/OC8T8zk3/
rgPE61eo,Don Bosco,DR CONGO - Ligue 1,https://www.flashscore.com/team/don-bosco/rgPE61eo/
bi65l4LN,Tshikas,DR CONGO - Ligue 1,https://www.flashscore.com/team/tshikas/bi65l4LN/
2m3GbPH2,H. Raanana,ISRAEL - Leumit League,https://www.flashscore.com/team/h-raanana/2m3GbPH2/
GGEeSGq9,Nof Hagalil,ISRAEL - Leumit League,https://www.flashscore.com/team/nof-hagalil/GGEeSGq9/
29PRngvi,Hapoel Hadera,ISRAEL - Leumit League,https://www.flashscore.com/team/hapoel-hadera/29PRngvi/
xdPX7jSa,Hap. Ramat Gan,ISRAEL - Leumit League,https://www.flashscore.com/team/hapoel-ramat-gan/xdPX7jSa/
hjn53BuM,Maccabi Jaffa,ISRAEL - Leumit League,https://www.flashscore.com/team/hapoel-kfar-shalem/hjn53BuM/
rwgzOnGd,Hapoel Kfar Shalem,ISRAEL - Leumit League,https://www.flashscore.com/team/maccabi-jaffa/rwgzOnGd/
nNbDAhrs,Maccabi Petah Tikva,ISRAEL - Leumit League,https://www.flashscore.com/team/h-ironi-rishon/nNbDAhrs/
tzLcThTm,H. Ironi Rishon,ISRAEL - Leumit League,https://www.flashscore.com/team/maccabi-petah-tikva/tzLcThTm/
zsnMjzSE,MS Kafr Qasim,ISRAEL - Leumit League,https://www.flashscore.com/team/ironi-modiin/zsnMjzSE/
KtEMhbTp,Ironi Modiin,ISRAEL - Leumit League,https://www.flashscore.com/team/ms-kafr-qasim/KtEMhbTp/
UTnkO11b,Bologna U20,ITALY - Primavera 1,https://www.flashscore.com/team/ac-milan/UTnkO11b/
xx5LOEnH,AC Milan U20,ITALY - Primavera 1,https://www.flashscore.com/team/bologna/xx5LOEnH/
xxIkEOUS,Nairobi United,KENYA - Premier League,https://www.flashscore.com/team/muranga/xxIkEOUS/
6m8PWkft,Muranga,KENYA - Premier League,https://www.flashscore.com/team/nairobi-united/6m8PWkft/
4zFRxHeP,Police,RWANDA - Premier League,https://www.flashscore.com/team/gasogi-united/4zFRxHeP/
lQa4Wj7A,Gasogi United,RWANDA - Premier League,https://www.flashscore.com/team/police/lQa4Wj7A/
W0aMZOUR,Kitara,UGANDA - Premier League,https://www.flashscore.com/team/kitara/W0aMZOUR/
hj8xMlGq,Maroons,UGANDA - Premier League,https://www.flashscore.com/team/maroons/hj8xMlGq/
Y35Jer59,OLS Oulu (Fin),WORLD - Club Friendly,https://www.flashscore.com/team/ac-oulu/Y35Jer59/
Odzqm8ie,AC Oulu (Fin),WORLD - Club Friendly,https://www.flashscore.com/team/ols-oulu/Odzqm8ie/
nmVantfF,Oleksandriya,UKRAINE - Premier League,https://www.flashscore.com/team/kudrivka/nmVantfF/
nHJnN4vh,Kudrivka,UKRAINE - Premier League,https://www.flashscore.com/team/oleksandriya/nHJnN4vh/
2BaHDFR2,Renaissance,DR CONGO - Ligue 1,https://www.flashscore.com/team/as-maniema/2BaHDFR2/
v9rrw7PE,Maniema,DR CONGO - Ligue 1,https://www.flashscore.com/team/oc-renaissance/v9rrw7PE/
WIBosHcG,JS Talangai,REPUBLIC OF THE CONGO - Ligue 1,https://www.flashscore.com/team/js-talangai/WIBosHcG/
8ObpuJwQ,Juk,REPUBLIC OF THE CONGO - Ligue 1,https://www.flashscore.com/team/juk/8ObpuJwQ/
SWo1QmYO,Al Rayyan,QATAR - QSL Cup,https://www.flashscore.com/team/al-rayyan/SWo1QmYO/
AkENgqwB,Al-Sadd,QATAR - QSL Cup,https://www.flashscore.com/team/al-sadd/AkENgqwB/
KxTOlfF9,Bel Air,SEYCHELLES - Premier League,https://www.flashscore.com/team/bel-air/KxTOlfF9/
OjFGAutG,Saint Louis,SEYCHELLES - Premier League,https://www.flashscore.com/team/saint-louis/OjFGAutG/
A7YIBlI0,Al Bukiryah,SAUDI ARABIA - Division 1,https://www.flashscore.com/team/al-bukiryah/A7YIBlI0/
xYXsXyUh,Al Taee,SAUDI ARABIA - Division 1,https://www.flashscore.com/team/al-taee/xYXsXyUh/
Q9bvX5Vr,ADVSA,GHANA - Division One League,https://www.flashscore.com/team/attram-de-visser/Q9bvX5Vr/
lQMihCnJ,Port City,GHANA - Division One League,https://www.flashscore.com/team/port-city/lQMihCnJ/
AkfkSITk,KAC Soccer,GHANA - Division One League,https://www.flashscore.com/team/kac-soccer/AkfkSITk/
lbnSFL5N,Legon Cities,GHANA - Division One League,https://www.flashscore.com/team/legon-cities/lbnSFL5N/
zDpdICPp,Torino U20,ITALY - Primavera 1,https://www.flashscore.com/team/genoa/zDpdICPp/
OGVExYGG,Genoa U20,ITALY - Primavera 1,https://www.flashscore.com/team/torino/OGVExYGG/
pjWljATh,Salitas,BURKINA FASO - Premier League,https://www.flashscore.com/team/aje-bobo-dioulasso/pjWljATh/
t2Zj23Dg,AJEB,BURKINA FASO - Premier League,https://www.flashscore.com/team/salitas/t2Zj23Dg/
fBqR7wGD,USFA,BURKINA FASO - Premier League,https://www.flashscore.com/team/asf-dioulasso/fBqR7wGD/
vumapfhE,ASF Dioulasso,BURKINA FASO - Premier League,https://www.flashscore.com/team/usfa/vumapfhE/
Ecy3FIOl,Heart of Lions,GHANA - Premier League,https://www.flashscore.com/team/aduana-stars/Ecy3FIOl/
pI7Ye272,Aduana,GHANA - Premier League,https://www.flashscore.com/team/heart-of-lions/pI7Ye272/
prfxAf0i,Sepsi Sf. Gheorghe,ROMANIA - Liga 2,https://www.flashscore.com/team/concordia/prfxAf0i/
IDsPIcMA,Concordia,ROMANIA - Liga 2,https://www.flashscore.com/team/sepsi/IDsPIcMA/
U9x3eSLp,Discoveries,LIBERIA - LFA First Division,https://www.flashscore.com/team/discoveries/U9x3eSLp/
zZAg2iAM,Paynesville,LIBERIA - LFA First Division,https://www.flashscore.com/team/paynesville/zZAg2iAM/
vDxeMIAO,Freeport,LIBERIA - LFA First Division,https://www.flashscore.com/team/black-man-warrior/vDxeMIAO/
beMUgZJG,Black Man Warrior,LIBERIA - LFA First Division,https://www.flashscore.com/team/freeport/beMUgZJG/
E5wyuebe,LPRC Oiler,LIBERIA - LFA First Division,https://www.flashscore.com/team/downtown/E5wyuebe/
jsNlszut,Downtown,LIBERIA - LFA First Division,https://www.flashscore.com/team/lprc-oiler/jsNlszut/
UZZqsih6,Bougouba,MALI - Premiere Division,https://www.flashscore.com/team/bougouba/UZZqsih6/
ETo42tph,Derby Academie,MALI - Premiere Division,https://www.flashscore.com/team/derby-academie/ETo42tph/
IPwzmuAU,Foot Elite,MALI - PREMIERE DIVISION - ROUND 4,https://www.flashscore.com/team/foot-elite/IPwzmuAU/
zVdVFWb8,Onze Createurs,MALI - PREMIERE DIVISION - ROUND 4,https://www.flashscore.com/team/onze-createurs/zVdVFWb8/
jL9qWdNF,AS ZAM,NIGER - Super Ligue,https://www.flashscore.com/team/as-zam/jL9qWdNF/
hjxMLTIt,Renaissance,NIGER - Super Ligue,https://www.flashscore.com/team/renaissance/hjxMLTIt/
zofpZTdb,Douanes Niamey,NIGER - Super Ligue,https://www.flashscore.com/team/douanes-niamey/zofpZTdb/
YZ1yozgK,Olympic Niamey,NIGER - Super Ligue,https://www.flashscore.com/team/olympic-niamey/YZ1yozgK/
W0X2VHyL,Obolon,UKRAINE - Premier League,https://www.flashscore.com/team/metalist-1925/W0X2VHyL/
bN0dYbAh,Metalist 1925,UKRAINE - Premier League,https://www.flashscore.com/team/obolon/bN0dYbAh/
bBAvbmPp,Bhantal,SIERRA LEONE - Premier League,https://www.flashscore.com/team/bai-bureh-warriors/bBAvbmPp/
SfrvtC21,Bai Bureh Warriors,SIERRA LEONE - Premier League,https://www.flashscore.com/team/bhantal/SfrvtC21/
ATkWI8PI,Aigle Noir,BURUNDI - Primus League,https://www.flashscore.com/team/aigle-noir/ATkWI8PI/
McALrAUE,Musongati,BURUNDI - Primus League,https://www.flashscore.com/team/musongati/McALrAUE/
n3Oc2XYt,Al Bidda,QATAR - QSL Cup,https://www.flashscore.com/team/al-bidda/n3Oc2XYt/
YglhkXAP,Qatar SC,QATAR - QSL Cup,https://www.flashscore.com/team/qatar-sc/YglhkXAP/
ImQG73To,Al Mesaimeer,QATAR - QSL Cup,https://www.flashscore.com/team/al-mesaimeer/ImQG73To/
4xuOqBYn,Al Sailiya,QATAR - QSL Cup,https://www.flashscore.com/team/al-sailiya/4xuOqBYn/
hIayizS6,Austria Vienna (Am),AUSTRIA - 2. Liga,https://www.flashscore.com/team/a-klagenfurt/hIayizS6/
C4FBQHlQ,A. Klagenfurt,AUSTRIA - 2. Liga,https://www.flashscore.com/team/austria-vienna/C4FBQHlQ/
8KA7Qw1U,Bregenz,AUSTRIA - 2. Liga,https://www.flashscore.com/team/st-polten/8KA7Qw1U/
fmD86L0H,St. Polten,AUSTRIA - 2. Liga,https://www.flashscore.com/team/sw-bregenz/fmD86L0H/
655zEcZJ,Hertha Wels,AUSTRIA - 2. Liga,https://www.flashscore.com/team/a-lustenau/655zEcZJ/
6i1ocvXH,A. Lustenau,AUSTRIA - 2. Liga,https://www.flashscore.com/team/hogo-hertha-wels/6i1ocvXH/
r9HwRaWH,Kapfenberg,AUSTRIA - 2. Liga,https://www.flashscore.com/team/floridsdorfer-ac-wien/r9HwRaWH/
SUpSZy5K,Floridsdorfer AC,AUSTRIA - 2. Liga,https://www.flashscore.com/team/kapfenberg/SUpSZy5K/
Cv27lapN,Liefering,AUSTRIA - 2. Liga,https://www.flashscore.com/team/fc-liefering/Cv27lapN/
Yuu4T0aG,SK Rapid II,AUSTRIA - 2. Liga,https://www.flashscore.com/team/rapid-vienna/Yuu4T0aG/
Wv0GNPrm,Vukovar 1991,CROATIA - HNL,https://www.flashscore.com/team/varazdin/Wv0GNPrm/
nDCpAOpa,Varazdin,CROATIA - HNL,https://www.flashscore.com/team/vukovar-1991/nDCpAOpa/
rgI3oA08,Nea Salamis,CYPRUS - Division 2,https://www.flashscore.com/team/karmiotissa/rgI3oA08/
jcbJ6Sv2,Karmiotissa,CYPRUS - Division 2,https://www.flashscore.com/team/nea-salamis/jcbJ6Sv2/
YF6nYqJ7,AS Roma U20,ITALY - Primavera 1,https://www.flashscore.com/team/as-roma/YF6nYqJ7/
Sp2nsd2o,Lazio U20,ITALY - Primavera 1,https://www.flashscore.com/team/lazio/Sp2nsd2o/
GOPqBIRK,Kasimpasa,TURKEY - Super Lig,https://www.flashscore.com/team/genclerbirligi/GOPqBIRK/
dOlaIG4l,Genclerbirligi,TURKEY - Super Lig,https://www.flashscore.com/team/kasimpasa/dOlaIG4l/
fwjo7kpb,Kampala City,UGANDA - Premier League,https://www.flashscore.com/team/kampala-city/fwjo7kpb/
vXYNKJKR,NEC FC,UGANDA - Premier League,https://www.flashscore.com/team/nec-fc/vXYNKJKR/
CCQGbik8,Greuther Furth,GERMANY - 2. Bundesliga,https://www.flashscore.com/team/greuther-furth/CCQGbik8/
2y0u8Wrq,Hertha Berlin,GERMANY - 2. Bundesliga,https://www.flashscore.com/team/hertha-berlin/2y0u8Wrq/
QqLCC3il,SG Dynamo Dresden,GERMANY - 2. Bundesliga,https://www.flashscore.com/team/braunschweig/QqLCC3il/
zL1YsOi1,Braunschweig,GERMANY - 2. Bundesliga,https://www.flashscore.com/team/dresden/zL1YsOi1/
hjuyw2Kb,Werder Bremen W,GERMANY - Bundesliga Women,https://www.flashscore.com/team/bayer-leverkusen/hjuyw2Kb/
vyDE3LZH,Bayer Leverkusen W,GERMANY - Bundesliga Women,https://www.flashscore.com/team/werder-bremen/vyDE3LZH/
htCyNMwL,Mosta,MALTA - Premier League - First stage - Play Out,https://www.flashscore.com/team/mosta-fc/htCyNMwL/
MZkrZYmQ,Zabbar,MALTA - Premier League - First stage - Play Out,https://www.flashscore.com/team/zabbar/MZkrZYmQ/
EPsYDm4A,Al Ahly,EGYPT - League Cup,https://www.flashscore.com/team/al-ahly/EPsYDm4A/
2wpo7PBj,Enppi,EGYPT - League Cup,https://www.flashscore.com/team/enppi/2wpo7PBj/
tbC3EcQn,Ulm,GERMANY - 3. Liga,https://www.flashscore.com/team/ulm/tbC3EcQn/
88Xgj1Y5,VfL Osnabruck,GERMANY - 3. Liga,https://www.flashscore.com/team/vfl-osnabruck/88Xgj1Y5/
vNt65kUG,FC Porto B,PORTUGAL - Liga Portugal 2,https://www.flashscore.com/team/fc-porto/vNt65kUG/
lGALDDtR,Penafiel,PORTUGAL - Liga Portugal 2,https://www.flashscore.com/team/penafiel/lGALDDtR/
vsToxqA5,Oliveirense,PORTUGAL - Liga Portugal 2,https://www.flashscore.com/team/chaves/vsToxqA5/
tA7VEKwU,Chaves,PORTUGAL - Liga Portugal 2,https://www.flashscore.com/team/oliveirense/tA7VEKwU/
0ranWp9D,Betis B,SPAIN - Primera RFEF - Group 2,https://www.flashscore.com/team/alcorcon/0ranWp9D/
GzVElN7C,Alcorcon,SPAIN - Primera RFEF - Group 2,https://www.flashscore.com/team/betis/GzVElN7C/
jZ2ZFJqe,Chateauroux,FRANCE - National,https://www.flashscore.com/team/chateauroux/jZ2ZFJqe/
dIvQQaE7,Dijon,FRANCE - National,https://www.flashscore.com/team/dijon/dIvQQaE7/
IooxkpEI,Le Puy-en-Velay,FRANCE - National,https://www.flashscore.com/team/fleury-merogis/IooxkpEI/
xnng4dGk,Fleury-Merogis,FRANCE - National,https://www.flashscore.com/team/le-puy-en-velay/xnng4dGk/
AqswAEFD,Orleans,FRANCE - National,https://www.flashscore.com/team/orleans/AqswAEFD/
nDjHIbwL,Versailles,FRANCE - National,https://www.flashscore.com/team/versailles/nDjHIbwL/
Uo57pG95,Paris 13 Atl.,FRANCE - National,https://www.flashscore.com/team/concarneau/Uo57pG95/
WnjEIzRL,Concarneau,FRANCE - National,https://www.flashscore.com/team/paris-13-atletico/WnjEIzRL/
ry31K39D,Stade Briochin,FRANCE - National,https://www.flashscore.com/team/aubagne-fc/ry31K39D/
CQxeodfa,Aubagne,FRANCE - National,https://www.flashscore.com/team/stade-briochin/CQxeodfa/
jPojkLXK,Valenciennes,FRANCE - National,https://www.flashscore.com/team/sochaux/jPojkLXK/
O8dsB372,Sochaux,FRANCE - National,https://www.flashscore.com/team/valenciennes/O8dsB372/
Ict2iv2P,Villefranche,FRANCE - National,https://www.flashscore.com/team/bourg-peronnas/Ict2iv2P/
K6STnbAt,Bourg en Bresse,FRANCE - National,https://www.flashscore.com/team/villefranche/K6STnbAt/
4KfIhq7B,CFR Cluj,ROMANIA - Superliga,https://www.flashscore.com/team/cfr-cluj/4KfIhq7B/
A5gTQ7pG,Csikszereda M. Ciuc,ROMANIA - Superliga,https://www.flashscore.com/team/miercurea-ciuc/A5gTQ7pG/
I3q2AOtB,Rapperswil-Jona,SWITZERLAND - Challenge League,https://www.flashscore.com/team/rapperswil-jona/I3q2AOtB/
G6Ih9GOj,Vaduz,SWITZERLAND - Challenge League,https://www.flashscore.com/team/vaduz/G6Ih9GOj/
KQtAqOh9,Beveren,BELGIUM - Challenger Pro League,https://www.flashscore.com/team/anderlecht/KQtAqOh9/
QaqfE8WE,Anderlecht U23,BELGIUM - Challenger Pro League,https://www.flashscore.com/team/sk-beveren/QaqfE8WE/
6qX8q0TR,Lommel SK,BELGIUM - Challenger Pro League,https://www.flashscore.com/team/gent/6qX8q0TR/
8EyXqyoo,Gent U23,BELGIUM - Challenger Pro League,https://www.flashscore.com/team/lommel-sk/8EyXqyoo/
ltdeqDcb,Cardiff U21,ENGLAND - Premier League Cup,https://www.flashscore.com/team/cardiff/ltdeqDcb/
tSn0vwwG,QPR U21,ENGLAND - Premier League Cup,https://www.flashscore.com/team/qpr/tSn0vwwG/
b3ceuJN9,Norwich U21,ENGLAND - Premier League Cup,https://www.flashscore.com/team/norwich/b3ceuJN9/
ELGqWEpd,Sunderland U21,ENGLAND - Premier League Cup,https://www.flashscore.com/team/sunderland/ELGqWEpd/
6FRLlnfU,Nottingham U21,ENGLAND - Premier League Cup,https://www.flashscore.com/team/millwall/6FRLlnfU/
bmFCwchM,Millwall U21,ENGLAND - Premier League Cup,https://www.flashscore.com/team/nottingham/bmFCwchM/
25dB6Eto,Annecy,FRANCE - Ligue 2,https://www.flashscore.com/team/annecy/25dB6Eto/
ER0NeOOp,Le Mans,FRANCE - Ligue 2,https://www.flashscore.com/team/le-mans/ER0NeOOp/
tAAobNse,Laval,FRANCE - Ligue 2,https://www.flashscore.com/team/dunkerque/tAAobNse/
E1wDrLsJ,Dunkerque,FRANCE - Ligue 2,https://www.flashscore.com/team/laval/E1wDrLsJ/
IRuMRua1,Nancy,FRANCE - Ligue 2,https://www.flashscore.com/team/clermont/IRuMRua1/
dnIrsS0A,Clermont,FRANCE - Ligue 2,https://www.flashscore.com/team/nancy/dnIrsS0A/
lKkBAsxF,Pau FC,FRANCE - Ligue 2,https://www.flashscore.com/team/amiens-sc/lKkBAsxF/
6NOhR4cm,Amiens,FRANCE - Ligue 2,https://www.flashscore.com/team/pau/6NOhR4cm/
QDfKl36E,Rodez,FRANCE - Ligue 2,https://www.flashscore.com/team/guingamp/QDfKl36E/
0pOdQOCg,Guingamp,FRANCE - Ligue 2,https://www.flashscore.com/team/rodez/0pOdQOCg/
fPCzUHN1,Rouen,FRANCE - National,https://www.flashscore.com/team/quevilly/fPCzUHN1/
z5PJrrtm,Quevilly Rouen,FRANCE - National,https://www.flashscore.com/team/rouen/z5PJrrtm/
naL1J006,De Graafschap,NETHERLANDS - Eerste Divisie,https://www.flashscore.com/team/de-graafschap/naL1J006/
6FRTNZ8p,Roda,NETHERLANDS - Eerste Divisie,https://www.flashscore.com/team/roda/6FRTNZ8p/
4IzxgrNP,Den Bosch,NETHERLANDS - Eerste Divisie,https://www.flashscore.com/team/den-bosch/4IzxgrNP/
UNA6IKFC,Venlo,NETHERLANDS - Eerste Divisie,https://www.flashscore.com/team/venlo/UNA6IKFC/
fT0n14Vt,Dordrecht,NETHERLANDS - Eerste Divisie,https://www.flashscore.com/team/dordrecht/fT0n14Vt/
YJaj0Opm,Eindhoven FC,NETHERLANDS - Eerste Divisie,https://www.flashscore.com/team/eindhoven-fc/YJaj0Opm/
Stafar0g,FC Emmen,NETHERLANDS - Eerste Divisie,https://www.flashscore.com/team/fc-emmen/Stafar0g/
SQGBcMU5,Helmond,NETHERLANDS - Eerste Divisie,https://www.flashscore.com/team/helmond-sport/SQGBcMU5/
lKIgIV5b,Jong AZ,NETHERLANDS - Eerste Divisie,https://www.flashscore.com/team/jong-az-alkmaar/lKIgIV5b/
2J6mntb0,Jong Utrecht,NETHERLANDS - Eerste Divisie,https://www.flashscore.com/team/jong-utrecht/2J6mntb0/
IsK0b0aI,Jong PSV,NETHERLANDS - Eerste Divisie,https://www.flashscore.com/team/almere-city/IsK0b0aI/
8Au8eRom,Almere City,NETHERLANDS - Eerste Divisie,https://www.flashscore.com/team/jong-psv/8Au8eRom/
GncWwxTm,Maastricht,NETHERLANDS - Eerste Divisie,https://www.flashscore.com/team/jong-ajax/GncWwxTm/
YPQnAtpC,Jong Ajax,NETHERLANDS - Eerste Divisie,https://www.flashscore.com/team/maastricht/YPQnAtpC/
lAgLCkT3,Oss,NETHERLANDS - Eerste Divisie,https://www.flashscore.com/team/den-haag/lAgLCkT3/
40amSqFn,Den Haag,NETHERLANDS - Eerste Divisie,https://www.flashscore.com/team/top-oss/40amSqFn/
QRyYgO7J,Willem II,NETHERLANDS - Eerste Divisie,https://www.flashscore.com/team/cambuur/QRyYgO7J/
6u3qag0G,Cambuur,NETHERLANDS - Eerste Divisie,https://www.flashscore.com/team/willem-ii/6u3qag0G/
ULGuGvHA,Aarau,SWITZERLAND - Challenge League,https://www.flashscore.com/team/aarau/ULGuGvHA/
2yxbMEDr,Etoile-Carouge,SWITZERLAND - Challenge League,https://www.flashscore.com/team/etoile-carouge/2yxbMEDr/
KbS1suSm,Union Berlin,GERMANY - Bundesliga,https://www.flashscore.com/team/rb-leipzig/KbS1suSm/
pzHW4oaE,RB Leipzig,GERMANY - Bundesliga,https://www.flashscore.com/team/union-berlin/pzHW4oaE/
Yk4H6LHn,Amstetten,AUSTRIA - 2. Liga,https://www.flashscore.com/team/admira/Yk4H6LHn/
YHWHwmRf,Admira,AUSTRIA - 2. Liga,https://www.flashscore.com/team/amstetten/YHWHwmRf/
n38Nktmn,Palermo,ITALY - Serie B,https://www.flashscore.com/team/palermo/n38Nktmn/
nJbCGx2U,Sampdoria,ITALY - Serie B,https://www.flashscore.com/team/sampdoria/nJbCGx2U/
pW9laeGO,Juventus U23,ITALY - Serie C - Group B,https://www.flashscore.com/team/juventus/pW9laeGO/
drgCKhvg,Pianese,ITALY - Serie C - Group B,https://www.flashscore.com/team/pianese/drgCKhvg/
UytPaaEP,Cultural Leonesa,SPAIN - LaLiga2,https://www.flashscore.com/team/huesca/UytPaaEP/
O6FowKBc,Huesca,SPAIN - LaLiga2,https://www.flashscore.com/team/leonesa/O6FowKBc/
UTX26rhg,CE Europa,SPAIN - Primera RFEF - Group 2,https://www.flashscore.com/team/antequera/UTX26rhg/
UkEeaAlL,Antequera,SPAIN - Primera RFEF - Group 2,https://www.flashscore.com/team/ce-europa/UkEeaAlL/
SAlF91iL,Angers,FRANCE - Ligue 1,https://www.flashscore.com/team/angers/SAlF91iL/
veuetnGG,Nantes,FRANCE - Ligue 1,https://www.flashscore.com/team/nantes/veuetnGG/
G8lYsMgU,Lecce,ITALY - Serie A,https://www.flashscore.com/team/lecce/G8lYsMgU/
roasMsOT,Pisa,ITALY - Serie A,https://www.flashscore.com/team/pisa/roasMsOT/
dYlTycNN,St. Liege,BELGIUM - Jupiler Pro League,https://www.flashscore.com/team/leuven/dYlTycNN/
vsnvCI6G,Leuven,BELGIUM - Jupiler Pro League,https://www.flashscore.com/team/st-liege/vsnvCI6G/
l85WT9To,Coleraine,NORTHERN IRELAND - NIFL Premiership,https://www.flashscore.com/team/bangor-fc/l85WT9To/
2B9zTTrh,Bangor FC,NORTHERN IRELAND - NIFL Premiership,https://www.flashscore.com/team/coleraine/2B9zTTrh/
Uax8a0SC,Larne,NORTHERN IRELAND - NIFL Premiership,https://www.flashscore.com/team/glentoran/Uax8a0SC/
44wiLnI5,Glentoran,NORTHERN IRELAND - NIFL Premiership,https://www.flashscore.com/team/larne/44wiLnI5/
ruTxaWrd,Ayr,SCOTLAND - Championship,https://www.flashscore.com/team/ayr/ruTxaWrd/
ULK83EjM,St Johnstone,SCOTLAND - Championship,https://www.flashscore.com/team/st-johnstone/ULK83EjM/
biWWzDD9,Flint Mountain,WALES - Cymru North,https://www.flashscore.com/team/flint-mountain/biWWzDD9/
Es9411nk,Mold Alexandra,WALES - Cymru North,https://www.flashscore.com/team/mold-alexandra/Es9411nk/
nNNpcUSL,Real Sociedad,SPAIN - LaLiga,https://www.flashscore.com/team/girona/nNNpcUSL/
jNvak2f3,Girona,SPAIN - LaLiga,https://www.flashscore.com/team/real-sociedad/jNvak2f3/
MeKPSerA,West Brom,ENGLAND - Championship,https://www.flashscore.com/team/sheffield-utd/MeKPSerA/
CCBWpzjj,Sheffield Utd,ENGLAND - Championship,https://www.flashscore.com/team/west-brom/CCBWpzjj/
6yx58ded,PSG W,FRANCE - Premiere Ligue Women,https://www.flashscore.com/team/montpellier/6yx58ded/
8U7ZUNF2,Montpellier W,FRANCE - Premiere Ligue Women,https://www.flashscore.com/team/psg/8U7ZUNF2/
69Ioq0e8,Mons Calpe,GIBRALTAR - National League,https://www.flashscore.com/team/mons-calpe/69Ioq0e8/
Gh9HoULa,St Josephs,GIBRALTAR - National League,https://www.flashscore.com/team/st-josephs/Gh9HoULa/
hWUCnRM1,Hibernians,MALTA - Premier League - First stage - Play Out,https://www.flashscore.com/team/hibernians/hWUCnRM1/
I5Y7y9fg,Tarxien,MALTA - Premier League - First stage - Play Out,https://www.flashscore.com/team/tarxien/I5Y7y9fg/
t4p0iC41,Torreense,PORTUGAL - Liga Portugal 2,https://www.flashscore.com/team/feirense/t4p0iC41/
8jQErKhN,Feirense,PORTUGAL - Liga Portugal 2,https://www.flashscore.com/team/torreense/8jQErKhN/
EXTWwqkE,Cacereno,SPAIN - Primera RFEF - Group 1,https://www.flashscore.com/team/cacereno/EXTWwqkE/
pGGsv0di,Zamora,SPAIN - Primera RFEF - Group 1,https://www.flashscore.com/team/zamora/pGGsv0di/
8Y886Yuh,Vega Real,DOMINICAN REPUBLIC - LDF,https://www.flashscore.com/team/delfines-del-este/8Y886Yuh/
MZLJ5HwG,Delfines Del Este,DOMINICAN REPUBLIC - LDF,https://www.flashscore.com/team/vega-real/MZLJ5HwG/
O6NoLMzb,Prison Service,TRINIDAD AND TOBAGO - TT Premier League,https://www.flashscore.com/team/defence-force/O6NoLMzb/
vmwJnK7p,Defence Force,TRINIDAD AND TOBAGO - TT Premier League,https://www.flashscore.com/team/prison-service/vmwJnK7p/
E73wbMvs,Indonesia U22,ASIA - Southeast Asian Games,https://www.flashscore.com/team/indonesia/E73wbMvs/
fcFt0RLu,Myanmar U22,ASIA - Southeast Asian Games,https://www.flashscore.com/team/myanmar/fcFt0RLu/
2J7jacL6,Central Coast Mariners,AUSTRALIA - A-League,https://www.flashscore.com/team/auckland-fc/2J7jacL6/
Wzp1wFWg,Auckland FC,AUSTRALIA - A-League,https://www.flashscore.com/team/central-coast/Wzp1wFWg/
lfOwgkx5,Perth W,AUSTRALIA - A-League Women,https://www.flashscore.com/team/perth/lfOwgkx5/
YTnQRHr5,Wellington Phoenix W,AUSTRALIA - A-League Women,https://www.flashscore.com/team/wellington-phoenix/YTnQRHr5/
dOdvIwtg,Stripfing,AUSTRIA - 2. Liga,https://www.flashscore.com/team/stripfing/dOdvIwtg/
8IZ6QvUS,Sturm Graz II,AUSTRIA - 2. Liga,https://www.flashscore.com/team/sturm/8IZ6QvUS/
Wbd1dyAk,Arambagh,BANGLADESH - BFL,https://www.flashscore.com/team/arambagh/Wbd1dyAk/
MuG3yiYp,Brothers U.,BANGLADESH - BFL,https://www.flashscore.com/team/brothers-u/MuG3yiYp/
vBusGp2f,Rahmatgonj MFS,BANGLADESH - BFL,https://www.flashscore.com/team/fortis/vBusGp2f/
WvSZCTKs,Fortis,BANGLADESH - BFL,https://www.flashscore.com/team/rahmatgonj-mfs/WvSZCTKs/
tryqNMHF,Always Ready,BOLIVIA - Division Profesional,https://www.flashscore.com/team/always-ready/tryqNMHF/
vmm0pHsM,Guabira,BOLIVIA - Division Profesional,https://www.flashscore.com/team/guabira/vmm0pHsM/
WImzpcSF,Bolivar,BOLIVIA - Division Profesional,https://www.flashscore.com/team/bolivar/WImzpcSF/
AoMZyUBM,SA Bulo Bulo,BOLIVIA - Division Profesional,https://www.flashscore.com/team/san-antonio-bulo-bulo/AoMZyUBM/
Wfi42xS2,Tomayapo,BOLIVIA - Division Profesional,https://www.flashscore.com/team/the-strongest/Wfi42xS2/
SlIKwGVI,The Strongest,BOLIVIA - Division Profesional,https://www.flashscore.com/team/tomayapo/SlIKwGVI/
AVsHc14R,Olancho,HONDURAS - Liga Nacional - Apertura - Triangulares,https://www.flashscore.com/team/marathon/AVsHc14R/
zNptCNel,Marathon,HONDURAS - Liga Nacional - Apertura - Triangulares,https://www.flashscore.com/team/olancho/zNptCNel/
tEbXWFBs,Parma U20,ITALY - Primavera 1,https://www.flashscore.com/team/monza/tEbXWFBs/
pnUJfhb5,Monza U20,ITALY - Primavera 1,https://www.flashscore.com/team/parma/pnUJfhb5/
pfDrVtbe,Waterhouse,JAMAICA - Premier League,https://www.flashscore.com/team/portmore/pfDrVtbe/
jL5z86u6,Portmore,JAMAICA - Premier League,https://www.flashscore.com/team/waterhouse/jL5z86u6/
SvESL5I7,Al Kuwait,BANGLADESH - BFL - ROUND 6,https://www.flashscore.com/team/al-kuwait/SvESL5I7/
0nBNQR0n,Al Ansar,LEBANON - PREMIER LEAGUE - ROUND 9,https://www.flashscore.com/team/al-ansar/0nBNQR0n/
xx8n54PO,Al Seeb,BANGLADESH - BFL - ROUND 6,https://www.flashscore.com/team/al-seeb/xx8n54PO/
WMZvNPvn,PWD Sports Club,BANGLADESH - BFL - ROUND 6,https://www.flashscore.com/team/pwd-sports-club/WMZvNPvn/
OAyhonEt,Al Karamah,BANGLADESH - BFL - ROUND 6,https://www.flashscore.com/team/al-karamah/OAyhonEt/
ImWrQgcO,Fakirerpool YMC,BANGLADESH - BFL - ROUND 6,https://www.flashscore.com/team/fakirerpool-ymc/ImWrQgcO/
fVCqgPH3,Mohammedan,BANGLADESH - BFL - ROUND 6,https://www.flashscore.com/team/mohammedan/fVCqgPH3/
IJIz8OYm,Bangladesh Police,BANGLADESH - BFL - ROUND 6,https://www.flashscore.com/team/bangladesh-police/IJIz8OYm/
pQPEA10Q,Boluspor,TURKEY - 1. LIG - ROUND 17,https://www.flashscore.com/team/boluspor/pQPEA10Q/
ENFkH8NH,Hatayspor,TURKEY - 1. LIG - ROUND 17,https://www.flashscore.com/team/hatayspor/ENFkH8NH/
K0zmTxp3,Adana Demirspor,TURKEY - 1. LIG - ROUND 17,https://www.flashscore.com/team/adana-demirspor/K0zmTxp3/
tOinx4lk,Keciorengucu,TURKEY - 1. LIG - ROUND 17,https://www.flashscore.com/team/keciorengucu/tOinx4lk/
A9gDc83I,Adana Demirspor,TURKEY - 1. LIG - ROUND 17,https://www.flashscore.com/team/adana-demirspor/A9gDc83I/
6o783Ei5,Vanspor FK,TURKEY - 1. LIG - ROUND 17,https://www.flashscore.com/team/vanspor-fk/6o783Ei5/
2Jzfymql,Sakaryaspor,TURKEY - 1. LIG - ROUND 17,https://www.flashscore.com/team/sakaryaspor/2Jzfymql/
dQVdH97o,Adana Demirspor,TURKEY - 1. LIG - ROUND 17,https://www.flashscore.com/team/adana-demirspor/dQVdH97o/
fNtKGmxb,Sariyer,TURKEY - 1. LIG - ROUND 17,https://www.flashscore.com/team/sariyer/fNtKGmxb/
OvblvwLr,Boluspor,TURKEY - 1. LIG - ROUND 17,https://www.flashscore.com/team/boluspor/OvblvwLr/
xQZ3CpVE,Erzurumspor,TURKEY - 1. LIG - ROUND 17,https://www.flashscore.com/team/erzurumspor/xQZ3CpVE/
l0df9GDm,Kahta,TURKEY - 1. LIG - ROUND 17,https://www.flashscore.com/team/kahta/l0df9GDm/
EHdgkFvm,Boluspor,TURKEY - 1. LIG - ROUND 17,https://www.flashscore.com/team/boluspor/EHdgkFvm/
8rZvLOl2,Bandirmaspor,TURKEY - 1. LIG - ROUND 17,https://www.flashscore.com/team/bandirmaspor/8rZvLOl2/
tAyqUIUd,Boluspor,TURKEY - 1. LIG - ROUND 17,https://www.flashscore.com/team/boluspor/tAyqUIUd/
0vne21BK,Boluspor,TURKEY - 1. LIG - ROUND 17,https://www.flashscore.com/team/boluspor/0vne21BK/
rPvKSntq,Erokspor,TURKEY - 1. LIG - ROUND 17,https://www.flashscore.com/team/erokspor/rPvKSntq/
bwbQIDxd,Boluspor,TURKEY - 1. LIG - ROUND 17,https://www.flashscore.com/team/boluspor/bwbQIDxd/
xU9afFkD,Kakamega Homeboyz,KENYA - PREMIER LEAGUE - ROUND 13,https://www.flashscore.com/team/kakamega-homeboyz/xU9afFkD/
KzxaGb9r,Shabana,KENYA - PREMIER LEAGUE - ROUND 13,https://www.flashscore.com/team/shabana/KzxaGb9r/
EkWjHR8e,Kariobangi Sharks,KENYA - PREMIER LEAGUE - ROUND 13,https://www.flashscore.com/team/kariobangi-sharks/EkWjHR8e/
AX15Kdd9,Mathare Utd.,KENYA - PREMIER LEAGUE - ROUND 13,https://www.flashscore.com/team/mathare-utd./AX15Kdd9/
UBYgXJJb,Mathare Utd.,KENYA - PREMIER LEAGUE - ROUND 13,https://www.flashscore.com/team/mathare-utd./UBYgXJJb/
GWtFfl5B,Shabana,KENYA - PREMIER LEAGUE - ROUND 13,https://www.flashscore.com/team/shabana/GWtFfl5B/
YJdDMY7P,Bidco United,KENYA - PREMIER LEAGUE - ROUND 13,https://www.flashscore.com/team/bidco-united/YJdDMY7P/
b9c0Ziqo,Shabana,KENYA - PREMIER LEAGUE - ROUND 13,https://www.flashscore.com/team/shabana/b9c0Ziqo/
pQ6ezCoj,Smederevo,SERBIA - MOZZART BET PRVA LIGA - ROUND 22,https://www.flashscore.com/team/smederevo/pQ6ezCoj/
M9OiD6qE,Vozdovac,SERBIA - MOZZART BET PRVA LIGA - ROUND 22,https://www.flashscore.com/team/vozdovac/M9OiD6qE/
j3gSl0Lg,Dinamo Jug,SERBIA - MOZZART BET PRVA LIGA - ROUND 22,https://www.flashscore.com/team/dinamo-jug/j3gSl0Lg/
Sjsw0IKI,Dinamo Jug,SERBIA - MOZZART BET PRVA LIGA - ROUND 22,https://www.flashscore.com/team/dinamo-jug/Sjsw0IKI/
jPKLWwg4,Dinamo Jug,SERBIA - MOZZART BET PRVA LIGA - ROUND 22,https://www.flashscore.com/team/dinamo-jug/jPKLWwg4/
MLWlhIfn,Usce,SERBIA - MOZZART BET PRVA LIGA - ROUND 22,https://www.flashscore.com/team/usce/MLWlhIfn/
xvDc9QS5,Usce,SERBIA - MOZZART BET PRVA LIGA - ROUND 22,https://www.flashscore.com/team/usce/xvDc9QS5/
S6MBKdJS,Tekstilac Odzaci,SERBIA - MOZZART BET PRVA LIGA - ROUND 22,https://www.flashscore.com/team/tekstilac-odzaci/S6MBKdJS/
tdjrAZR4,Usce,SERBIA - MOZZART BET PRVA LIGA - ROUND 22,https://www.flashscore.com/team/usce/tdjrAZR4/
S6zFv88H,Vrsac,SERBIA - MOZZART BET PRVA LIGA - ROUND 22,https://www.flashscore.com/team/vrsac/S6zFv88H/
CzoABfnj,Trayal Krusevac,SERBIA - MOZZART BET PRVA LIGA - ROUND 22,https://www.flashscore.com/team/trayal-krusevac/CzoABfnj/
xQYRIT2N,Dinamo Jug,SERBIA - MOZZART BET PRVA LIGA - ROUND 22,https://www.flashscore.com/team/dinamo-jug/xQYRIT2N/
bij7d3qi,Loznica,SERBIA - MOZZART BET PRVA LIGA - ROUND 22,https://www.flashscore.com/team/loznica/bij7d3qi/
lQrZNoHb,Dinamo Jug,SERBIA - MOZZART BET PRVA LIGA - ROUND 22,https://www.flashscore.com/team/dinamo-jug/lQrZNoHb/
Y54TCLNF,Bazar Brothers,SEYCHELLES - PREMIER LEAGUE - ROUND 7,https://www.flashscore.com/team/bazar-brothers/Y54TCLNF/
rRcIGQOR,Saint Louis,SEYCHELLES - PREMIER LEAGUE - ROUND 7,https://www.flashscore.com/team/saint-louis/rRcIGQOR/
zLwAvKwG,Bel Air,SEYCHELLES - PREMIER LEAGUE - ROUND 7,https://www.flashscore.com/team/bel-air/zLwAvKwG/
vBqEk5c4,Bel Air,SEYCHELLES - PREMIER LEAGUE - ROUND 7,https://www.flashscore.com/team/bel-air/vBqEk5c4/
8URGh845,Stade d'Abidjan,SEYCHELLES - PREMIER LEAGUE - ROUND 7,https://www.flashscore.com/team/stade-d'abidjan/8URGh845/
Cpw9hIRT,Racing,LEBANON - PREMIER LEAGUE - ROUND 9,https://www.flashscore.com/team/racing/Cpw9hIRT/
hEFSbYf4,Safa,LEBANON - PREMIER LEAGUE - ROUND 9,https://www.flashscore.com/team/safa/hEFSbYf4/
Qyeqi55k,Al Hikma,LEBANON - PREMIER LEAGUE - ROUND 9,https://www.flashscore.com/team/al-hikma/Qyeqi55k/
Gh0WeCPG,Al-Mabarrah,LEBANON - PREMIER LEAGUE - ROUND 9,https://www.flashscore.com/team/al-mabarrah/Gh0WeCPG/
ngjsT3hU,Nejmeh SC,LEBANON - PREMIER LEAGUE - ROUND 9,https://www.flashscore.com/team/nejmeh-sc/ngjsT3hU/
fVQaveIc,Bourj FC,LEBANON - PREMIER LEAGUE - ROUND 9,https://www.flashscore.com/team/bourj-fc/fVQaveIc/
6ZIScJd4,Bourj FC,LEBANON - PREMIER LEAGUE - ROUND 9,https://www.flashscore.com/team/bourj-fc/6ZIScJd4/
x0AZzP5L,Al Ahed,LEBANON - PREMIER LEAGUE - ROUND 9,https://www.flashscore.com/team/al-ahed/x0AZzP5L/
bFEJzUd3,Al Riyadi Abbasiyah,LEBANON - PREMIER LEAGUE - ROUND 9,https://www.flashscore.com/team/al-riyadi-abbasiyah/bFEJzUd3/
YDWdVoCd,Chonburi,THAILAND - THAI LEAGUE 1 - ROUND 15,https://www.flashscore.com/team/chonburi/YDWdVoCd/
2yziZgpF,Rayong FC,THAILAND - THAI LEAGUE 1 - ROUND 15,https://www.flashscore.com/team/rayong-fc/2yziZgpF/
KQyceoMu,Kanchanaburi,THAILAND - THAI LEAGUE 1 - ROUND 15,https://www.flashscore.com/team/kanchanaburi/KQyceoMu/
r3QHlQs7,Buriram,THAILAND - THAI LEAGUE 1 - ROUND 15,https://www.flashscore.com/team/buriram/r3QHlQs7/
hI9jm0Hq,Pathum United,THAILAND - THAI LEAGUE 1 - ROUND 15,https://www.flashscore.com/team/pathum-united/hI9jm0Hq/
2LddyUJM,Police Tero,THAILAND - THAI LEAGUE 1 - ROUND 15,https://www.flashscore.com/team/police-tero/2LddyUJM/
lKndTaXN,Kanchanaburi,THAILAND - THAI LEAGUE 1 - ROUND 15,https://www.flashscore.com/team/kanchanaburi/lKndTaXN/
Ori0c7SL,Chiangrai Utd,THAILAND - THAI LEAGUE 1 - ROUND 15,https://www.flashscore.com/team/chiangrai-utd/Ori0c7SL/
vRlEPIv3,Uthai Thani,THAILAND - THAI LEAGUE 1 - ROUND 15,https://www.flashscore.com/team/uthai-thani/vRlEPIv3/
UcjkBSc4,Kanchanaburi,THAILAND - THAI LEAGUE 1 - ROUND 15,https://www.flashscore.com/team/kanchanaburi/UcjkBSc4/
0bII4Ro6,Nara,THAILAND - THAI LEAGUE 1 - ROUND 15,https://www.flashscore.com/team/nara/0bII4Ro6/
Yov9ooRk,Kanchanaburi,THAILAND - THAI LEAGUE 1 - ROUND 15,https://www.flashscore.com/team/kanchanaburi/Yov9ooRk/
ImxRTbnJ,Lamphun Warrior,THAILAND - THAI LEAGUE 1 - ROUND 15,https://www.flashscore.com/team/lamphun-warrior/ImxRTbnJ/
CfPZn6fq,Jeddah,SAUDI ARABIA - DIVISION 1 - ROUND 11,https://www.flashscore.com/team/jeddah/CfPZn6fq/
hnItl5OL,Al Jandal,SAUDI ARABIA - DIVISION 1 - ROUND 11,https://www.flashscore.com/team/al-jandal/hnItl5OL/
WfHC8geK,Al Raed,SAUDI ARABIA - DIVISION 1 - ROUND 11,https://www.flashscore.com/team/al-raed/WfHC8geK/
AsIgIB3d,Al-Ula,SAUDI ARABIA - DIVISION 1 - ROUND 11,https://www.flashscore.com/team/al-ula/AsIgIB3d/
tIq6HsLN,Al Anwar,SAUDI ARABIA - DIVISION 1 - ROUND 11,https://www.flashscore.com/team/al-anwar/tIq6HsLN/
8f20POYF,Al Arabi,SAUDI ARABIA - DIVISION 1 - ROUND 11,https://www.flashscore.com/team/al-arabi/8f20POYF/
fqHipWm7,Al Wehda,SAUDI ARABIA - DIVISION 1 - ROUND 11,https://www.flashscore.com/team/al-wehda/fqHipWm7/
ruiBiPF5,Abha,SAUDI ARABIA - DIVISION 1 - ROUND 11,https://www.flashscore.com/team/abha/ruiBiPF5/
A3ZAc2rn,Al Orubah,SAUDI ARABIA - DIVISION 1 - ROUND 11,https://www.flashscore.com/team/al-orubah/A3ZAc2rn/
Gzqmz0ya,Al Shabab,QATAR - QSL CUP - ROUND 9,https://www.flashscore.com/team/al-shabab/Gzqmz0ya/
IiU3CHMA,Al Taee,SAUDI ARABIA - DIVISION 1 - ROUND 11,https://www.flashscore.com/team/al-taee/IiU3CHMA/
rTsOwLSH,Al Adalah,SAUDI ARABIA - DIVISION 1 - ROUND 11,https://www.flashscore.com/team/al-adalah/rTsOwLSH/
j3OAwu2L,Ironi Modiin,ISRAEL - LEUMIT LEAGUE - ROUND 15,https://www.flashscore.com/team/ironi-modiin/j3OAwu2L/
lYq1YfjK,Bnei Yehuda,ISRAEL - LEUMIT LEAGUE - ROUND 15,https://www.flashscore.com/team/bnei-yehuda/lYq1YfjK/
2ycki2Lp,H. Raanana,ISRAEL - LEUMIT LEAGUE - ROUND 15,https://www.flashscore.com/team/h.-raanana/2ycki2Lp/
fucQuOnS,Nof Hagalil,ISRAEL - LEUMIT LEAGUE - ROUND 15,https://www.flashscore.com/team/nof-hagalil/fucQuOnS/
GArUznJ9,Holon Yermiyahu,ISRAEL - LEUMIT LEAGUE - ROUND 15,https://www.flashscore.com/team/holon-yermiyahu/GArUznJ9/
pEhouXc0,Hapoel Kfar Saba,ISRAEL - LEUMIT LEAGUE - ROUND 15,https://www.flashscore.com/team/hapoel-kfar-saba/pEhouXc0/
jkaf0sAK,Tshikas,DR CONGO - LIGUE 1 - ROUND 5,https://www.flashscore.com/team/tshikas/jkaf0sAK/
4fNDMVJo,Simba,DR CONGO - LIGUE 1 - ROUND 5,https://www.flashscore.com/team/simba/4fNDMVJo/
rJfKh7qN,Mazembe,DR CONGO - LIGUE 1 - ROUND 5,https://www.flashscore.com/team/mazembe/rJfKh7qN/
d0ovafZr,Don Bosco,DR CONGO - LIGUE 1 - ROUND 5,https://www.flashscore.com/team/don-bosco/d0ovafZr/
vPRfquoq,Tshikas,DR CONGO - LIGUE 1 - ROUND 5,https://www.flashscore.com/team/tshikas/vPRfquoq/
A7EU2hKp,Tshikas,DR CONGO - LIGUE 1 - ROUND 5,https://www.flashscore.com/team/tshikas/A7EU2hKp/
6XXWPpSs,US Panda,DR CONGO - LIGUE 1 - ROUND 5,https://www.flashscore.com/team/us-panda/6XXWPpSs/
x2ltaKrq,Don Bosco,DR CONGO - LIGUE 1 - ROUND 5,https://www.flashscore.com/team/don-bosco/x2ltaKrq/
Sv4ZfUyS,Tshikas,DR CONGO - LIGUE 1 - ROUND 5,https://www.flashscore.com/team/tshikas/Sv4ZfUyS/
YFwNANXN,Tshikas,DR CONGO - LIGUE 1 - ROUND 5,https://www.flashscore.com/team/tshikas/YFwNANXN/
MPeIl2Lh,Tshikas,DR CONGO - LIGUE 1 - ROUND 5,https://www.flashscore.com/team/tshikas/MPeIl2Lh/
ObAh2h9o,Groupe Bazano,DR CONGO - LIGUE 1 - ROUND 5,https://www.flashscore.com/team/groupe-bazano/ObAh2h9o/
IVLgRZlm,St Eloi Lupopo,DR CONGO - LIGUE 1 - ROUND 5,https://www.flashscore.com/team/st-eloi-lupopo/IVLgRZlm/
p4VWSYDs,M. Herzliya,ISRAEL - LEUMIT LEAGUE - ROUND 15,https://www.flashscore.com/team/m.-herzliya/p4VWSYDs/
lOlgXWps,MS Kafr Qasim,ISRAEL - LEUMIT LEAGUE - ROUND 15,https://www.flashscore.com/team/ms-kafr-qasim/lOlgXWps/
dO5fUI4j,SC Dimona,ISRAEL - LEUMIT LEAGUE - ROUND 15,https://www.flashscore.com/team/sc-dimona/dO5fUI4j/
AP8MR2hC,H. Ironi Rishon,ISRAEL - LEUMIT LEAGUE - ROUND 15,https://www.flashscore.com/team/h.-ironi-rishon/AP8MR2hC/
QquC7OT6,Hapoel Sderot,ISRAEL - LEUMIT LEAGUE - ROUND 15,https://www.flashscore.com/team/hapoel-sderot/QquC7OT6/
xIfobIQp,Hap. Ramat Gan,ISRAEL - LEUMIT LEAGUE - ROUND 15,https://www.flashscore.com/team/hap.-ramat-gan/xIfobIQp/
QNIKZx6d,MS Kafr Qasim,ISRAEL - LEUMIT LEAGUE - ROUND 15,https://www.flashscore.com/team/ms-kafr-qasim/QNIKZx6d/
d2yi8As6,M. Nazareth,ISRAEL - LEUMIT LEAGUE - ROUND 15,https://www.flashscore.com/team/m.-nazareth/d2yi8As6/
tnmMpaCE,Lazio U20,ITALY - PRIMAVERA 1 - ROUND 15,https://www.flashscore.com/team/lazio-u20/tnmMpaCE/
ju9PNY1N,Cagliari U20,ITALY - PRIMAVERA 1 - ROUND 15,https://www.flashscore.com/team/cagliari-u20/ju9PNY1N/
KrX7Gyx7,Verona U20,ITALY - PRIMAVERA 1 - ROUND 15,https://www.flashscore.com/team/verona-u20/KrX7Gyx7/
Q9VVMjSi,AC Milan U20,ITALY - PRIMAVERA 1 - ROUND 15,https://www.flashscore.com/team/ac-milan-u20/Q9VVMjSi/
x6Gk5894,Juventus U20,ITALY - PRIMAVERA 1 - ROUND 15,https://www.flashscore.com/team/juventus-u20/x6Gk5894/
Y9dt9cjl,APR,RWANDA - PREMIER LEAGUE,https://www.flashscore.com/team/apr/Y9dt9cjl/
K2wpu2Oe,Police,RWANDA - PREMIER LEAGUE,https://www.flashscore.com/team/police/K2wpu2Oe/
Ior3fTEA,Gasogi United,RWANDA - PREMIER LEAGUE,https://www.flashscore.com/team/gasogi-united/Ior3fTEA/
lWbeaW9A,Gasogi United,RWANDA - PREMIER LEAGUE,https://www.flashscore.com/team/gasogi-united/lWbeaW9A/
G2rukZmc,AS Kigali,RWANDA - PREMIER LEAGUE,https://www.flashscore.com/team/as-kigali/G2rukZmc/
UXPL3a3r,Gasogi United,RWANDA - PREMIER LEAGUE,https://www.flashscore.com/team/gasogi-united/UXPL3a3r/
bgxlvMw2,Marines,RWANDA - PREMIER LEAGUE,https://www.flashscore.com/team/marines/bgxlvMw2/
xvlutr9k,Amagaju,RWANDA - PREMIER LEAGUE,https://www.flashscore.com/team/amagaju/xvlutr9k/
OzpysOgq,Muhanga,RWANDA - PREMIER LEAGUE,https://www.flashscore.com/team/muhanga/OzpysOgq/
A7FS3VKA,Rayon Sport,RWANDA - PREMIER LEAGUE,https://www.flashscore.com/team/rayon-sport/A7FS3VKA/
fNg5jBf1,Kiyovu,RWANDA - PREMIER LEAGUE,https://www.flashscore.com/team/kiyovu/fNg5jBf1/
SKx51sGI,Bugesera,RWANDA - PREMIER LEAGUE,https://www.flashscore.com/team/bugesera/SKx51sGI/
viwgne3n,Gasogi United,RWANDA - PREMIER LEAGUE,https://www.flashscore.com/team/gasogi-united/viwgne3n/
IPUH0qvc,NEC FC,UGANDA - PREMIER LEAGUE - ROUND 10,https://www.flashscore.com/team/nec-fc/IPUH0qvc/
O6V1NhPB,Police,UGANDA - PREMIER LEAGUE - ROUND 10,https://www.flashscore.com/team/police/O6V1NhPB/
612q3z1G,NEC FC,UGANDA - PREMIER LEAGUE - ROUND 10,https://www.flashscore.com/team/nec-fc/612q3z1G/
ALztxK6e,NEC FC,UGANDA - PREMIER LEAGUE - ROUND 10,https://www.flashscore.com/team/nec-fc/ALztxK6e/
ziQnnPsF,Lugazi,UGANDA - PREMIER LEAGUE - ROUND 10,https://www.flashscore.com/team/lugazi/ziQnnPsF/
naKVehgj,Vipers,UGANDA - PREMIER LEAGUE - ROUND 10,https://www.flashscore.com/team/vipers/naKVehgj/
pv9Nf2KF,OLS Oulu,WORLD - CLUB FRIENDLY,https://www.flashscore.com/team/ols-oulu/pv9Nf2KF/
Ch9A601r,OLS Oulu,WORLD - CLUB FRIENDLY,https://www.flashscore.com/team/ols-oulu/Ch9A601r/
8p4EGtjG,OLS Oulu,WORLD - CLUB FRIENDLY,https://www.flashscore.com/team/ols-oulu/8p4EGtjG/
KIShoMk3,OLS Oulu,WORLD - CLUB FRIENDLY,https://www.flashscore.com/team/ols-oulu/KIShoMk3/
jP17GPBG,Tampere Utd,WORLD - CLUB FRIENDLY,https://www.flashscore.com/team/tampere-utd/jP17GPBG/
tfdW35Jm,OLS Oulu,WORLD - CLUB FRIENDLY,https://www.flashscore.com/team/ols-oulu/tfdW35Jm/
l0MGhMjn,Inter Turku 2,WORLD - CLUB FRIENDLY,https://www.flashscore.com/team/inter-turku-2/l0MGhMjn/
nLBbqJDS,AC Oulu,WORLD - CLUB FRIENDLY,https://www.flashscore.com/team/ac-oulu/nLBbqJDS/
C8bOhcyj,AC Oulu,WORLD - CLUB FRIENDLY,https://www.flashscore.com/team/ac-oulu/C8bOhcyj/
8GveH5dA,VPS,WORLD - CLUB FRIENDLY,https://www.flashscore.com/team/vps/8GveH5dA/
zsgwCpdF,KTP,WORLD - CLUB FRIENDLY,https://www.flashscore.com/team/ktp/zsgwCpdF/
6oug4RRc,Haka,WORLD - CLUB FRIENDLY,https://www.flashscore.com/team/haka/6oug4RRc/
faEPan8O,AC Oulu,WORLD - CLUB FRIENDLY,https://www.flashscore.com/team/ac-oulu/faEPan8O/
Aa28K98n,AC Oulu,WORLD - CLUB FRIENDLY,https://www.flashscore.com/team/ac-oulu/Aa28K98n/
nmjJVR7B,AC Oulu,WORLD - CLUB FRIENDLY,https://www.flashscore.com/team/ac-oulu/nmjJVR7B/
pYGmWmwa,Ilves,WORLD - CLUB FRIENDLY,https://www.flashscore.com/team/ilves/pYGmWmwa/
2gUHsxs4,Kryvbas,UKRAINE - PREMIER LEAGUE - ROUND 16,https://www.flashscore.com/team/kryvbas/2gUHsxs4/
pQAxlRVL,Kudrivka,UKRAINE - PREMIER LEAGUE - ROUND 16,https://www.flashscore.com/team/kudrivka/pQAxlRVL/
j9Wy32w4,FK Zorya Luhansk,UKRAINE - PREMIER LEAGUE - ROUND 16,https://www.flashscore.com/team/fk-zorya-luhansk/j9Wy32w4/
2m6zvQp5,LNZ Cherkasy,UKRAINE - PREMIER LEAGUE - ROUND 16,https://www.flashscore.com/team/lnz-cherkasy/2m6zvQp5/
f3sGNX3j,Metalist 1925,UKRAINE - PREMIER LEAGUE - ROUND 16,https://www.flashscore.com/team/metalist-1925/f3sGNX3j/
nNpqXMwH,Kudrivka,UKRAINE - PREMIER LEAGUE - ROUND 16,https://www.flashscore.com/team/kudrivka/nNpqXMwH/
OfzUZGy6,Obolon,UKRAINE - PREMIER LEAGUE - ROUND 16,https://www.flashscore.com/team/obolon/OfzUZGy6/
YXCnrQFG,AS Penarol,REPUBLIC OF THE CONGO - LIGUE 1 - ROUND 14,https://www.flashscore.com/team/as-penarol/YXCnrQFG/
dISk7gAI,Etoile du Congo,REPUBLIC OF THE CONGO - LIGUE 1 - ROUND 14,https://www.flashscore.com/team/etoile-du-congo/dISk7gAI/
Ekg2xeqe,Racine,REPUBLIC OF THE CONGO - LIGUE 1 - ROUND 14,https://www.flashscore.com/team/racine/Ekg2xeqe/
pzvdYN26,Patronage Sainte-Anne,REPUBLIC OF THE CONGO - LIGUE 1 - ROUND 14,https://www.flashscore.com/team/patronage-sainte-anne/pzvdYN26/
xlWrOB3I,Diables Noirs,REPUBLIC OF THE CONGO - LIGUE 1 - ROUND 14,https://www.flashscore.com/team/diables-noirs/xlWrOB3I/
0GuF1aSS,Otoho d'Oyo,REPUBLIC OF THE CONGO - LIGUE 1 - ROUND 14,https://www.flashscore.com/team/otoho-d'oyo/0GuF1aSS/
AutlQkBd,CARA Brazzaville,REPUBLIC OF THE CONGO - LIGUE 1 - ROUND 14,https://www.flashscore.com/team/cara-brazzaville/AutlQkBd/
Ikahl7Q3,Juk,REPUBLIC OF THE CONGO - LIGUE 1 - ROUND 14,https://www.flashscore.com/team/juk/Ikahl7Q3/
6quhZ3m0,Juk,REPUBLIC OF THE CONGO - LIGUE 1 - ROUND 14,https://www.flashscore.com/team/juk/6quhZ3m0/
00rGKJjD,Juk,REPUBLIC OF THE CONGO - LIGUE 1 - ROUND 14,https://www.flashscore.com/team/juk/00rGKJjD/
Stjmj4EU,Renaissance,DR CONGO - LIGUE 1 - ROUND 9,https://www.flashscore.com/team/renaissance/Stjmj4EU/
ll5VeAML,Aigles du Congo,DR CONGO - LIGUE 1 - ROUND 9,https://www.flashscore.com/team/aigles-du-congo/ll5VeAML/
E5gUhvoN,Renaissance,DR CONGO - LIGUE 1 - ROUND 9,https://www.flashscore.com/team/renaissance/E5gUhvoN/
fVHSnLKa,FC Renaissance,DR CONGO - LIGUE 1 - ROUND 9,https://www.flashscore.com/team/fc-renaissance/fVHSnLKa/
jyyDlL4n,Maniema,DR CONGO - LIGUE 1 - ROUND 9,https://www.flashscore.com/team/maniema/jyyDlL4n/
j5mZpKKH,Maniema,DR CONGO - LIGUE 1 - ROUND 9,https://www.flashscore.com/team/maniema/j5mZpKKH/
SrpJwYn3,Azam,DR CONGO - LIGUE 1 - ROUND 9,https://www.flashscore.com/team/azam/SrpJwYn3/
n3EQwNyg,Muaither SC,QATAR - QSL CUP - ROUND 9,https://www.flashscore.com/team/muaither-sc/n3EQwNyg/
veL3xJnl,Shamal,QATAR - QSL CUP - ROUND 9,https://www.flashscore.com/team/shamal/veL3xJnl/
xW8i8U05,Al Sailiya,QATAR - QSL CUP - ROUND 9,https://www.flashscore.com/team/al-sailiya/xW8i8U05/
G4PEqWCa,Al Sailiya,QATAR - QSL CUP - ROUND 9,https://www.flashscore.com/team/al-sailiya/G4PEqWCa/
WYZnRzI1,Al-Duhail,QATAR - QSL CUP - ROUND 9,https://www.flashscore.com/team/al-duhail/WYZnRzI1/
AFuKpiJt,Al Mesaimeer,QATAR - QSL CUP - ROUND 9,https://www.flashscore.com/team/al-mesaimeer/AFuKpiJt/
zySRrs5p,Al Nahda,QATAR - QSL CUP - ROUND 9,https://www.flashscore.com/team/al-nahda/zySRrs5p/
p0fkdf09,Al-Kharitiyath,QATAR - QSL CUP - ROUND 9,https://www.flashscore.com/team/al-kharitiyath/p0fkdf09/
21AL1RQp,Al-Sadd,QATAR - QSL CUP - ROUND 9,https://www.flashscore.com/team/al-sadd/21AL1RQp/
fRXFGNf0,Al Sailiya,QATAR - QSL CUP - ROUND 9,https://www.flashscore.com/team/al-sailiya/fRXFGNf0/
0MHmoCY0,Al-Sadd,QATAR - QSL CUP - ROUND 9,https://www.flashscore.com/team/al-sadd/0MHmoCY0/
ltmcRTII,Al Sailiya,QATAR - QSL CUP - ROUND 9,https://www.flashscore.com/team/al-sailiya/ltmcRTII/
A773sC7q,LMS,SEYCHELLES - PREMIER LEAGUE - ROUND 7,https://www.flashscore.com/team/lms/A773sC7q/
GAE9xv4m,Bel Air,SEYCHELLES - PREMIER LEAGUE - ROUND 7,https://www.flashscore.com/team/bel-air/GAE9xv4m/
vTMdmo60,Mont Fleuri,SEYCHELLES - PREMIER LEAGUE - ROUND 7,https://www.flashscore.com/team/mont-fleuri/vTMdmo60/
lh8hCpXr,Saint Louis,SEYCHELLES - PREMIER LEAGUE - ROUND 7,https://www.flashscore.com/team/saint-louis/lh8hCpXr/
EwTgJO9k,Port City,GHANA - DIVISION ONE LEAGUE - ROUND 11,https://www.flashscore.com/team/port-city/EwTgJO9k/
WU77DMkI,Hakla SC,GHANA - DIVISION ONE LEAGUE - ROUND 11,https://www.flashscore.com/team/hakla-sc/WU77DMkI/
8W51a99F,Port City,GHANA - DIVISION ONE LEAGUE - ROUND 11,https://www.flashscore.com/team/port-city/8W51a99F/
2kGjH4jg,Great Ambitions,GHANA - DIVISION ONE LEAGUE - ROUND 11,https://www.flashscore.com/team/great-ambitions/2kGjH4jg/
UXV7SSn3,ADVSA,GHANA - DIVISION ONE LEAGUE - ROUND 11,https://www.flashscore.com/team/advsa/UXV7SSn3/
bBqKjBJB,Okwawu,GHANA - DIVISION ONE LEAGUE - ROUND 11,https://www.flashscore.com/team/okwawu/bBqKjBJB/
2ZTS8hZI,ASF Dioulasso,BURKINA FASO - PREMIER LEAGUE - ROUND 13,https://www.flashscore.com/team/asf-dioulasso/2ZTS8hZI/
fRwo5x9g,Etoile Filante,BURKINA FASO - PREMIER LEAGUE - ROUND 13,https://www.flashscore.com/team/etoile-filante/fRwo5x9g/
86IQ9fzF,USFA,BURKINA FASO - PREMIER LEAGUE - ROUND 13,https://www.flashscore.com/team/usfa/86IQ9fzF/
EiRd35CK,Rahimo,BURKINA FASO - PREMIER LEAGUE - ROUND 13,https://www.flashscore.com/team/rahimo/EiRd35CK/
YaomitHM,ASF Dioulasso,BURKINA FASO - PREMIER LEAGUE - ROUND 13,https://www.flashscore.com/team/asf-dioulasso/YaomitHM/
vohISguL,Sporting Cascades,BURKINA FASO - PREMIER LEAGUE - ROUND 13,https://www.flashscore.com/team/sporting-cascades/vohISguL/
zsZ5MCvI,Kadiogo,BURKINA FASO - PREMIER LEAGUE - ROUND 13,https://www.flashscore.com/team/kadiogo/zsZ5MCvI/
YBkx7bvs,Bougouba,MALI - PREMIERE DIVISION - ROUND 4,https://www.flashscore.com/team/bougouba/YBkx7bvs/
UZVjEcQa,Majestic,BURKINA FASO - PREMIER LEAGUE - ROUND 13,https://www.flashscore.com/team/majestic/UZVjEcQa/
ShQaQMYS,AS Douanes,BURKINA FASO - PREMIER LEAGUE - ROUND 13,https://www.flashscore.com/team/as-douanes/ShQaQMYS/
bToK7sD7,ASF Dioulasso,BURKINA FASO - PREMIER LEAGUE - ROUND 13,https://www.flashscore.com/team/asf-dioulasso/bToK7sD7/
tbHQUIAt,Bobo-Dioulasso,BURKINA FASO - PREMIER LEAGUE - ROUND 13,https://www.flashscore.com/team/bobo-dioulasso/tbHQUIAt/
MyOlgpLr,Sepsi Sf. Gheorghe,ROMANIA - LIGA 2 - ROUND 17,https://www.flashscore.com/team/sepsi-sf.-gheorghe/MyOlgpLr/
Us6gkXaT,U. Cluj,ROMANIA - LIGA 2 - ROUND 17,https://www.flashscore.com/team/u.-cluj/Us6gkXaT/
t84qisiU,Sepsi Sf. Gheorghe,ROMANIA - LIGA 2 - ROUND 17,https://www.flashscore.com/team/sepsi-sf.-gheorghe/t84qisiU/
fLTNMJgt,Afumati,ROMANIA - LIGA 2 - ROUND 17,https://www.flashscore.com/team/afumati/fLTNMJgt/
zRqy53ur,CFR Cluj,ROMANIA - SUPERLIGA - ROUND 20,https://www.flashscore.com/team/cfr-cluj/zRqy53ur/
nklx1aEq,Concordia,ROMANIA - LIGA 2 - ROUND 17,https://www.flashscore.com/team/concordia/nklx1aEq/
ERxpxbrI,Concordia,ROMANIA - LIGA 2 - ROUND 17,https://www.flashscore.com/team/concordia/ERxpxbrI/
Onwt0aWs,Concordia,ROMANIA - LIGA 2 - ROUND 17,https://www.flashscore.com/team/concordia/Onwt0aWs/
dn3EGkbF,FC Bihor,ROMANIA - LIGA 2 - ROUND 17,https://www.flashscore.com/team/fc-bihor/dn3EGkbF/
bH2GTTSR,Concordia,ROMANIA - LIGA 2 - ROUND 17,https://www.flashscore.com/team/concordia/bH2GTTSR/
UHkFfoD9,Heart of Lions,GHANA - PREMIER LEAGUE - ROUND 14,https://www.flashscore.com/team/heart-of-lions/UHkFfoD9/
OtgQeGAO,Karela,GHANA - PREMIER LEAGUE - ROUND 14,https://www.flashscore.com/team/karela/OtgQeGAO/
Ag999amg,Heart of Lions,GHANA - PREMIER LEAGUE - ROUND 14,https://www.flashscore.com/team/heart-of-lions/Ag999amg/
0ziZIiO5,Young Apostles,GHANA - PREMIER LEAGUE - ROUND 14,https://www.flashscore.com/team/young-apostles/0ziZIiO5/
UBpNz1Q2,Berekum Chelsea,GHANA - PREMIER LEAGUE - ROUND 14,https://www.flashscore.com/team/berekum-chelsea/UBpNz1Q2/
MR8tC72M,Heart of Lions,GHANA - PREMIER LEAGUE - ROUND 14,https://www.flashscore.com/team/heart-of-lions/MR8tC72M/
QyLlExSh,Holy Stars,GHANA - PREMIER LEAGUE - ROUND 14,https://www.flashscore.com/team/holy-stars/QyLlExSh/
p8YIOGsG,Aduana,GHANA - PREMIER LEAGUE - ROUND 14,https://www.flashscore.com/team/aduana/p8YIOGsG/
MceEOzkT,Heart of Lions,GHANA - PREMIER LEAGUE - ROUND 14,https://www.flashscore.com/team/heart-of-lions/MceEOzkT/
hhpfn5Mj,Aduana,GHANA - PREMIER LEAGUE - ROUND 14,https://www.flashscore.com/team/aduana/hhpfn5Mj/
jsa2ySLq,Medeama,GHANA - PREMIER LEAGUE - ROUND 14,https://www.flashscore.com/team/medeama/jsa2ySLq/
drFINprF,Aduana,GHANA - PREMIER LEAGUE - ROUND 14,https://www.flashscore.com/team/aduana/drFINprF/
M9WEsY10,Dreams,GHANA - PREMIER LEAGUE - ROUND 14,https://www.flashscore.com/team/dreams/M9WEsY10/
O8AptnH2,Aduana,GHANA - PREMIER LEAGUE - ROUND 14,https://www.flashscore.com/team/aduana/O8AptnH2/
SCCHc2I3,Bechem United,GHANA - PREMIER LEAGUE - ROUND 14,https://www.flashscore.com/team/bechem-united/SCCHc2I3/
vNnpnHa9,Aduana,GHANA - PREMIER LEAGUE - ROUND 14,https://www.flashscore.com/team/aduana/vNnpnHa9/
4ENWX2OA,Shakhtar Donetsk,UKRAINE - PREMIER LEAGUE - ROUND 16,https://www.flashscore.com/team/shakhtar-donetsk/4ENWX2OA/
fsn6KO1s,Epitsentr,UKRAINE - PREMIER LEAGUE - ROUND 16,https://www.flashscore.com/team/epitsentr/fsn6KO1s/
tCBNq3le,Karpaty Lviv,UKRAINE - PREMIER LEAGUE - ROUND 16,https://www.flashscore.com/team/karpaty-lviv/tCBNq3le/
bcng2GRR,Metalist 1925,UKRAINE - PREMIER LEAGUE - ROUND 16,https://www.flashscore.com/team/metalist-1925/bcng2GRR/
WKdnEd5s,Olympic Niamey,NIGER - SUPER LIGUE - ROUND 9,https://www.flashscore.com/team/olympic-niamey/WKdnEd5s/
QJK4WRtH,Douanes Niamey,NIGER - SUPER LIGUE - ROUND 9,https://www.flashscore.com/team/douanes-niamey/QJK4WRtH/
nZojyofR,Police,NIGER - SUPER LIGUE - ROUND 9,https://www.flashscore.com/team/police/nZojyofR/
8bhhX7RA,Espoir,NIGER - SUPER LIGUE - ROUND 9,https://www.flashscore.com/team/espoir/8bhhX7RA/
Mawqn4bt,Tahoua,NIGER - SUPER LIGUE - ROUND 9,https://www.flashscore.com/team/tahoua/Mawqn4bt/
KdDQmabI,ASFAN,NIGER - SUPER LIGUE - ROUND 9,https://www.flashscore.com/team/asfan/KdDQmabI/
UTQRuVAq,Douanes Niamey,NIGER - SUPER LIGUE - ROUND 9,https://www.flashscore.com/team/douanes-niamey/UTQRuVAq/
tM4Hgiw8,Olympic Niamey,NIGER - SUPER LIGUE - ROUND 9,https://www.flashscore.com/team/olympic-niamey/tM4Hgiw8/
Orb4azZ8,Olympic Niamey,NIGER - SUPER LIGUE - ROUND 9,https://www.flashscore.com/team/olympic-niamey/Orb4azZ8/
4OI9Vfj6,US Gendarmerie,NIGER - SUPER LIGUE - ROUND 9,https://www.flashscore.com/team/us-gendarmerie/4OI9Vfj6/
Qw7ITYKI,Urana,NIGER - SUPER LIGUE - ROUND 9,https://www.flashscore.com/team/urana/Qw7ITYKI/
MFbr986l,Bougouba,MALI - PREMIERE DIVISION - ROUND 4,https://www.flashscore.com/team/bougouba/MFbr986l/
WAh8IGne,Derby Academie,MALI - PREMIERE DIVISION - ROUND 4,https://www.flashscore.com/team/derby-academie/WAh8IGne/
WYMGVAMG,US Bougouni,MALI - PREMIERE DIVISION - ROUND 4,https://www.flashscore.com/team/us-bougouni/WYMGVAMG/
bkOKaPbt,Bougouba,MALI - PREMIERE DIVISION - ROUND 4,https://www.flashscore.com/team/bougouba/bkOKaPbt/
dCu6JsVb,Bougouba,MALI - PREMIERE DIVISION - ROUND 4,https://www.flashscore.com/team/bougouba/dCu6JsVb/
Y1KHxbeg,USFAS Bamako,MALI - PREMIERE DIVISION - ROUND 4,https://www.flashscore.com/team/usfas-bamako/Y1KHxbeg/
dIASd0zA,Liberte,NIGER - SUPER LIGUE - ROUND 9,https://www.flashscore.com/team/liberte/dIASd0zA/
E9D0cZwq,Douanes Niamey,NIGER - SUPER LIGUE - ROUND 9,https://www.flashscore.com/team/douanes-niamey/E9D0cZwq/
pp50v6Q9,Olympic Niamey,NIGER - SUPER LIGUE - ROUND 9,https://www.flashscore.com/team/olympic-niamey/pp50v6Q9/
E7LM4LVK,Al Bidda,QATAR - QSL CUP - ROUND 9,https://www.flashscore.com/team/al-bidda/E7LM4LVK/
4z2uCobp,Al Markhiya,QATAR - QSL CUP - ROUND 9,https://www.flashscore.com/team/al-markhiya/4z2uCobp/
SQrTeoKd,Al-Gharafa,QATAR - QSL CUP - ROUND 9,https://www.flashscore.com/team/al-gharafa/SQrTeoKd/
YsdPWSAo,Aigle Noir,BURUNDI - PRIMUS LEAGUE - ROUND 8,https://www.flashscore.com/team/aigle-noir/YsdPWSAo/
z90n4hUF,Musongati,BURUNDI - PRIMUS LEAGUE - ROUND 8,https://www.flashscore.com/team/musongati/z90n4hUF/
MNOXupIc,Aigle Noir,BURUNDI - PRIMUS LEAGUE - ROUND 8,https://www.flashscore.com/team/aigle-noir/MNOXupIc/
rJY1oieJ,Green Farmers,BURUNDI - PRIMUS LEAGUE - ROUND 8,https://www.flashscore.com/team/green-farmers/rJY1oieJ/
0l9PsUqL,Aigle Noir,BURUNDI - PRIMUS LEAGUE - ROUND 8,https://www.flashscore.com/team/aigle-noir/0l9PsUqL/
OYdr5YE9,Rukinzo,BURUNDI - PRIMUS LEAGUE - ROUND 8,https://www.flashscore.com/team/rukinzo/OYdr5YE9/
IPa2sIp5,Musongati,BURUNDI - PRIMUS LEAGUE - ROUND 8,https://www.flashscore.com/team/musongati/IPa2sIp5/
GIbqT9BI,Musongati,BURUNDI - PRIMUS LEAGUE - ROUND 8,https://www.flashscore.com/team/musongati/GIbqT9BI/
dKoR74om,Musongati,BURUNDI - PRIMUS LEAGUE - ROUND 8,https://www.flashscore.com/team/musongati/dKoR74om/
UgQBRKqh,Musongati,BURUNDI - PRIMUS LEAGUE - ROUND 8,https://www.flashscore.com/team/musongati/UgQBRKqh/
MavEG09p,Garage Express,BURUNDI - PRIMUS LEAGUE - ROUND 8,https://www.flashscore.com/team/garage-express/MavEG09p/
I38oQfPB,Musongati,BURUNDI - PRIMUS LEAGUE - ROUND 8,https://www.flashscore.com/team/musongati/I38oQfPB/
6NO5yf9m,Musongati,BURUNDI - PRIMUS LEAGUE - ROUND 8,https://www.flashscore.com/team/musongati/6NO5yf9m/
rTwSrVmg,Al Mesaimeer,QATAR - QSL CUP - ROUND 9,https://www.flashscore.com/team/al-mesaimeer/rTwSrVmg/
r3FLFHng,Lusail,QATAR - QSL CUP - ROUND 9,https://www.flashscore.com/team/lusail/r3FLFHng/
d2qFIbVn,Kapfenberg,AUSTRIA - 2. LIGA - ROUND 17,https://www.flashscore.com/team/kapfenberg/d2qFIbVn/
jVlL3vb5,A. Salzburg,AUSTRIA - 2. LIGA - ROUND 17,https://www.flashscore.com/team/a.-salzburg/jVlL3vb5/
Eez3RKEM,First Vienna,AUSTRIA - 2. LIGA - ROUND 17,https://www.flashscore.com/team/first-vienna/Eez3RKEM/
bkxMEx1T,St. Gallen,SWITZERLAND - CHALLENGE LEAGUE - ROUND 17,https://www.flashscore.com/team/st.-gallen/bkxMEx1T/
zo4S3YNH,Cesena U20,ITALY - PRIMAVERA 1 - ROUND 15,https://www.flashscore.com/team/cesena-u20/zo4S3YNH/
boEfbzat,Lecce U20,ITALY - PRIMAVERA 1 - ROUND 15,https://www.flashscore.com/team/lecce-u20/boEfbzat/
0EYriHMU,Lazio U20,ITALY - PRIMAVERA 1 - ROUND 15,https://www.flashscore.com/team/lazio-u20/0EYriHMU/
G4WDBJRt,Atalanta U20,ITALY - PRIMAVERA 1 - ROUND 15,https://www.flashscore.com/team/atalanta-u20/G4WDBJRt/
t882wE1A,Lazio U20,ITALY - PRIMAVERA 1 - ROUND 15,https://www.flashscore.com/team/lazio-u20/t882wE1A/
zXKuUR5J,Varazdin,CROATIA - HNL - Round 17,https://www.flashscore.com/team/varazdin/zXKuUR5J/
448T3rTI,Varazdin,CROATIA - HNL - Round 17,https://www.flashscore.com/team/varazdin/448T3rTI/
ENJqToLP,Slaven Belupo,CROATIA - HNL - Round 17,https://www.flashscore.com/team/slaven-belupo/ENJqToLP/
WnmFp9Kg,Gorica,CROATIA - HNL - Round 17,https://www.flashscore.com/team/gorica/WnmFp9Kg/
hCg2iHl4,Istra 1961,CROATIA - HNL - Round 17,https://www.flashscore.com/team/istra-1961/hCg2iHl4/
CWwBJ6PA,Varazdin,CROATIA - HNL - Round 17,https://www.flashscore.com/team/varazdin/CWwBJ6PA/
2w5qgpq0,Hajduk Split,CROATIA - HNL - Round 17,https://www.flashscore.com/team/hajduk-split/2w5qgpq0/
8G5ufQTg,Din. Zagreb,CROATIA - HNL - Round 17,https://www.flashscore.com/team/din.-zagreb/8G5ufQTg/
l0jeuzXc,AS Roma U20,ITALY - PRIMAVERA 1 - ROUND 15,https://www.flashscore.com/team/as-roma-u20/l0jeuzXc/
2y5pczo3,Vicenza U19,ITALY - PRIMAVERA 1 - ROUND 15,https://www.flashscore.com/team/vicenza-u19/2y5pczo3/
lba9cS49,Mbarara City,UGANDA - PREMIER LEAGUE - ROUND 10,https://www.flashscore.com/team/mbarara-city/lba9cS49/
SzQhQsLe,NEC FC,UGANDA - PREMIER LEAGUE - ROUND 10,https://www.flashscore.com/team/nec-fc/SzQhQsLe/
dM8vDNti,Express,UGANDA - PREMIER LEAGUE - ROUND 10,https://www.flashscore.com/team/express/dM8vDNti/
UPwapTb8,Entebbe UPPC,UGANDA - PREMIER LEAGUE - ROUND 10,https://www.flashscore.com/team/entebbe-uppc/UPwapTb8/
6FDqshzF,Braunschweig,GERMANY - 2. BUNDESLIGA - ROUND 16,https://www.flashscore.com/team/braunschweig/6FDqshzF/
8Y2m6ADe,Bochum,GERMANY - 3. LIGA - ROUND 18,https://www.flashscore.com/team/bochum/8Y2m6ADe/
S0hPB9rA,Darmstadt,GERMANY - 2. BUNDESLIGA - ROUND 16,https://www.flashscore.com/team/darmstadt/S0hPB9rA/
hQAtP9Sl,Greuther Furth,GERMANY - 2. BUNDESLIGA - ROUND 16,https://www.flashscore.com/team/greuther-furth/hQAtP9Sl/
zedZaSL7,Braunschweig,GERMANY - 2. BUNDESLIGA - ROUND 16,https://www.flashscore.com/team/braunschweig/zedZaSL7/
G2Op923t,Paderborn,GERMANY - 2. BUNDESLIGA - ROUND 16,https://www.flashscore.com/team/paderborn/G2Op923t/
naWckLmC,Kaiserslautern,GERMANY - 2. BUNDESLIGA - ROUND 16,https://www.flashscore.com/team/kaiserslautern/naWckLmC/
EB3q7jbk,Karlsruher SC,GERMANY - 2. BUNDESLIGA - ROUND 16,https://www.flashscore.com/team/karlsruher-sc/EB3q7jbk/
6in2Eknb,Hertha Berlin,GERMANY - 2. BUNDESLIGA - ROUND 16,https://www.flashscore.com/team/hertha-berlin/6in2Eknb/
KWixEVWi,Greuther Furth,GERMANY - 2. BUNDESLIGA - ROUND 16,https://www.flashscore.com/team/greuther-furth/KWixEVWi/
YFuz2RLm,Braunschweig,GERMANY - 2. BUNDESLIGA - ROUND 16,https://www.flashscore.com/team/braunschweig/YFuz2RLm/
63WsD2ei,Holstein Kiel,GERMANY - 2. BUNDESLIGA - ROUND 16,https://www.flashscore.com/team/holstein-kiel/63WsD2ei/
ne1oL3y7,Braunschweig,GERMANY - 2. BUNDESLIGA - ROUND 16,https://www.flashscore.com/team/braunschweig/ne1oL3y7/
nwkTahLL,Hertha Berlin,GERMANY - 2. BUNDESLIGA - ROUND 16,https://www.flashscore.com/team/hertha-berlin/nwkTahLL/
6g44VD52,Cottbus,GERMANY - 3. LIGA - ROUND 18,https://www.flashscore.com/team/cottbus/6g44VD52/
UiCmEP56,Regensburg,GERMANY - 2. BUNDESLIGA - ROUND 16,https://www.flashscore.com/team/regensburg/UiCmEP56/
dfNCCCzS,Hannover,GERMANY - 2. BUNDESLIGA - ROUND 16,https://www.flashscore.com/team/hannover/dfNCCCzS/
E9mqMJVK,Bayer Leverkusen W,GERMANY - BUNDESLIGA WOMEN - ROUND 13,https://www.flashscore.com/team/bayer-leverkusen-w/E9mqMJVK/
OAHe2v6S,Bayer Leverkusen W,GERMANY - BUNDESLIGA WOMEN - ROUND 13,https://www.flashscore.com/team/bayer-leverkusen-w/OAHe2v6S/
nkmFAG4Q,RB Leipzig W,GERMANY - BUNDESLIGA WOMEN - ROUND 13,https://www.flashscore.com/team/rb-leipzig-w/nkmFAG4Q/
nFgq1QqM,SGS Essen W,GERMANY - BUNDESLIGA WOMEN - ROUND 13,https://www.flashscore.com/team/sgs-essen-w/nFgq1QqM/
0CApK8nk,Werder Bremen W,GERMANY - BUNDESLIGA WOMEN - ROUND 13,https://www.flashscore.com/team/werder-bremen-w/0CApK8nk/
C6sxeOzB,Eintracht Frankfurt W,GERMANY - BUNDESLIGA WOMEN - ROUND 13,https://www.flashscore.com/team/eintracht-frankfurt-w/C6sxeOzB/
2HMMF0Ll,Hamburger SV W,GERMANY - BUNDESLIGA WOMEN - ROUND 13,https://www.flashscore.com/team/hamburger-sv-w/2HMMF0Ll/
vkjy3nF9,Bayern Munich W,GERMANY - BUNDESLIGA WOMEN - ROUND 13,https://www.flashscore.com/team/bayern-munich-w/vkjy3nF9/
Wx0edwxA,SC Victoria Hamburg W,GERMANY - BUNDESLIGA WOMEN - ROUND 13,https://www.flashscore.com/team/sc-victoria-hamburg-w/Wx0edwxA/
8Wb4V5AR,Twente W,GERMANY - BUNDESLIGA WOMEN - ROUND 13,https://www.flashscore.com/team/twente-w/8Wb4V5AR/
UNGe0paS,Bayer Leverkusen W,GERMANY - BUNDESLIGA WOMEN - ROUND 13,https://www.flashscore.com/team/bayer-leverkusen-w/UNGe0paS/
Yaedf2i2,Wolfsburg W,GERMANY - BUNDESLIGA WOMEN - ROUND 13,https://www.flashscore.com/team/wolfsburg-w/Yaedf2i2/
vkQQP5Rf,Bayer Leverkusen W,GERMANY - BUNDESLIGA WOMEN - ROUND 13,https://www.flashscore.com/team/bayer-leverkusen-w/vkQQP5Rf/
vNKKFgsl,Zabbar,MALTA - PREMIER LEAGUE - FIRST STAGE - PLAY OUT - ROUND 13,https://www.flashscore.com/team/zabbar/vNKKFgsl/
SItGFa63,Zabbar,MALTA - PREMIER LEAGUE - FIRST STAGE - PLAY OUT - ROUND 13,https://www.flashscore.com/team/zabbar/SItGFa63/
hKIRewt8,Floriana,MALTA - PREMIER LEAGUE - FIRST STAGE - PLAY OUT - ROUND 13,https://www.flashscore.com/team/floriana/hKIRewt8/
WMTGoox8,Valletta,MALTA - PREMIER LEAGUE - FIRST STAGE - PLAY OUT - ROUND 13,https://www.flashscore.com/team/valletta/WMTGoox8/
Wj5d6e4h,Zabbar,MALTA - PREMIER LEAGUE - FIRST STAGE - PLAY OUT - ROUND 13,https://www.flashscore.com/team/zabbar/Wj5d6e4h/
0EeKzT9a,Zabbar,MALTA - PREMIER LEAGUE - FIRST STAGE - PLAY OUT - ROUND 13,https://www.flashscore.com/team/zabbar/0EeKzT9a/
6LJg5A2T,Marsaxlokk,MALTA - PREMIER LEAGUE - FIRST STAGE - PLAY OUT - ROUND 13,https://www.flashscore.com/team/marsaxlokk/6LJg5A2T/
44oKBLkf,Viktoria Koln,GERMANY - 3. LIGA - ROUND 18,https://www.flashscore.com/team/viktoria-koln/44oKBLkf/
byXHwsJa,Ulm,GERMANY - 3. LIGA - ROUND 18,https://www.flashscore.com/team/ulm/byXHwsJa/
ChZUX0PS,TSV Havelse,GERMANY - 3. LIGA - ROUND 18,https://www.flashscore.com/team/tsv-havelse/ChZUX0PS/
ER0XiGC0,Altach,GERMANY - 3. LIGA - ROUND 18,https://www.flashscore.com/team/altach/ER0XiGC0/
KIHmtCkL,Ulm,GERMANY - 3. LIGA - ROUND 18,https://www.flashscore.com/team/ulm/KIHmtCkL/
84SxvsCb,Stuttgart II,GERMANY - 3. LIGA - ROUND 18,https://www.flashscore.com/team/stuttgart-ii/84SxvsCb/
ryb0Dqxr,Verl,GERMANY - 3. LIGA - ROUND 18,https://www.flashscore.com/team/verl/ryb0Dqxr/
fTVNku3I,Augsburg,GERMANY - 3. LIGA - ROUND 18,https://www.flashscore.com/team/augsburg/fTVNku3I/
ne5QkLtB,VfL Osnabruck,GERMANY - 3. LIGA - ROUND 18,https://www.flashscore.com/team/vfl-osnabruck/ne5QkLtB/
ObxFt3lm,Wehen,GERMANY - 3. LIGA - ROUND 18,https://www.flashscore.com/team/wehen/ObxFt3lm/
hjNlCFPB,Lotte,GERMANY - 3. LIGA - ROUND 18,https://www.flashscore.com/team/lotte/hjNlCFPB/
2s7huW4R,VfL Osnabruck,GERMANY - 3. LIGA - ROUND 18,https://www.flashscore.com/team/vfl-osnabruck/2s7huW4R/
jy2pzed0,Schweinfurt,GERMANY - 3. LIGA - ROUND 18,https://www.flashscore.com/team/schweinfurt/jy2pzed0/
bwwlzP9l,VfL Osnabruck,GERMANY - 3. LIGA - ROUND 18,https://www.flashscore.com/team/vfl-osnabruck/bwwlzP9l/
6LJtezQO,Mannheim,GERMANY - 3. LIGA - ROUND 18,https://www.flashscore.com/team/mannheim/6LJtezQO/
Spbrn1Te,Nottingham U21,ENGLAND - PREMIER LEAGUE CUP,https://www.flashscore.com/team/nottingham-u21/Spbrn1Te/
jPr7ndS8,Chaves,PORTUGAL - LIGA PORTUGAL 2 - ROUND 14,https://www.flashscore.com/team/chaves/jPr7ndS8/
6ecm9Xlr,Oliveirense,PORTUGAL - LIGA PORTUGAL 2 - ROUND 14,https://www.flashscore.com/team/oliveirense/6ecm9Xlr/
noguvetP,Oliveirense,PORTUGAL - LIGA PORTUGAL 2 - ROUND 14,https://www.flashscore.com/team/oliveirense/noguvetP/
AceEgPi5,Chaves,PORTUGAL - LIGA PORTUGAL 2 - ROUND 14,https://www.flashscore.com/team/chaves/AceEgPi5/
hxT1f5xa,Pacos Ferreira,PORTUGAL - LIGA PORTUGAL 2 - ROUND 14,https://www.flashscore.com/team/pacos-ferreira/hxT1f5xa/
fwTRhd8E,Desportivo Moncao,PORTUGAL - LIGA PORTUGAL 2 - ROUND 14,https://www.flashscore.com/team/desportivo-moncao/fwTRhd8E/
KKfzlNbq,Sunderland U21,ENGLAND - PREMIER LEAGUE CUP,https://www.flashscore.com/team/sunderland-u21/KKfzlNbq/
GrRgeTHo,Academico Viseu,PORTUGAL - LIGA PORTUGAL 2 - ROUND 14,https://www.flashscore.com/team/academico-viseu/GrRgeTHo/
zBkyuyRI,Chaves,PORTUGAL - LIGA PORTUGAL 2 - ROUND 14,https://www.flashscore.com/team/chaves/zBkyuyRI/
baN9J93D,Vizela,PORTUGAL - LIGA PORTUGAL 2 - ROUND 14,https://www.flashscore.com/team/vizela/baN9J93D/
0YgpqHGj,Chaves,PORTUGAL - LIGA PORTUGAL 2 - ROUND 14,https://www.flashscore.com/team/chaves/0YgpqHGj/
IJyXDZ6C,FC Cartagena SAD,SPAIN - PRIMERA RFEF - GROUP 2 - ROUND 16,https://www.flashscore.com/team/fc-cartagena-sad/IJyXDZ6C/
EgDgrOO2,Betis B,SPAIN - PRIMERA RFEF - GROUP 2 - ROUND 16,https://www.flashscore.com/team/betis-b/EgDgrOO2/
lnS2YNhJ,Sabadell,SPAIN - PRIMERA RFEF - GROUP 2 - ROUND 16,https://www.flashscore.com/team/sabadell/lnS2YNhJ/
rNW6jqw0,Betis B,SPAIN - PRIMERA RFEF - GROUP 2 - ROUND 16,https://www.flashscore.com/team/betis-b/rNW6jqw0/
YqQG18wC,Alcorcon,SPAIN - PRIMERA RFEF - GROUP 2 - ROUND 16,https://www.flashscore.com/team/alcorcon/YqQG18wC/
t8OpHDUh,Tarazona,SPAIN - PRIMERA RFEF - GROUP 2 - ROUND 16,https://www.flashscore.com/team/tarazona/t8OpHDUh/
r1N5s49f,Sanluqueno,SPAIN - PRIMERA RFEF - GROUP 2 - ROUND 16,https://www.flashscore.com/team/sanluqueno/r1N5s49f/
YT0e2vMU,Betis B,SPAIN - PRIMERA RFEF - GROUP 2 - ROUND 16,https://www.flashscore.com/team/betis-b/YT0e2vMU/
lSHMFchs,Alcorcon,SPAIN - PRIMERA RFEF - GROUP 2 - ROUND 16,https://www.flashscore.com/team/alcorcon/lSHMFchs/
8WUSyF3F,Eldense,SPAIN - PRIMERA RFEF - GROUP 2 - ROUND 16,https://www.flashscore.com/team/eldense/8WUSyF3F/
beO74ziJ,Atl. Madrid B,SPAIN - PRIMERA RFEF - GROUP 2 - ROUND 16,https://www.flashscore.com/team/atl.-madrid-b/beO74ziJ/
fw2i3K6O,Alcorcon,SPAIN - PRIMERA RFEF - GROUP 2 - ROUND 16,https://www.flashscore.com/team/alcorcon/fw2i3K6O/
dY03Jvn2,Sevilla FC B,SPAIN - PRIMERA RFEF - GROUP 2 - ROUND 16,https://www.flashscore.com/team/sevilla-fc-b/dY03Jvn2/
WSv960Hk,Alcorcon,SPAIN - PRIMERA RFEF - GROUP 2 - ROUND 16,https://www.flashscore.com/team/alcorcon/WSv960Hk/
UyQmTLBs,Chateauroux,FRANCE - NATIONAL - ROUND 16,https://www.flashscore.com/team/chateauroux/UyQmTLBs/
4A9O7fAc,Biars-Bretenoux,FRANCE - NATIONAL - ROUND 16,https://www.flashscore.com/team/biars-bretenoux/4A9O7fAc/
GjLn2QoH,Caen,FRANCE - NATIONAL - ROUND 16,https://www.flashscore.com/team/caen/GjLn2QoH/
AarPK2rt,Chalon,FRANCE - NATIONAL - ROUND 16,https://www.flashscore.com/team/chalon/AarPK2rt/
hAAsrgkI,ASPTT Dijon,FRANCE - NATIONAL - ROUND 16,https://www.flashscore.com/team/asptt-dijon/hAAsrgkI/
bmBZ1NcO,APM Metz,FRANCE - NATIONAL - ROUND 16,https://www.flashscore.com/team/apm-metz/bmBZ1NcO/
vgyhqIUq,Orleans,FRANCE - NATIONAL - ROUND 16,https://www.flashscore.com/team/orleans/vgyhqIUq/
xGYlO463,Orleans,FRANCE - NATIONAL - ROUND 16,https://www.flashscore.com/team/orleans/xGYlO463/
xdFA0eGc,Roda,NETHERLANDS - EERSTE DIVISIE - ROUND 20,https://www.flashscore.com/team/roda/xdFA0eGc/
lvM1vra5,De Graafschap,NETHERLANDS - EERSTE DIVISIE - ROUND 20,https://www.flashscore.com/team/de-graafschap/lvM1vra5/
0SOZnGOf,Eindhoven FC,NETHERLANDS - EERSTE DIVISIE - ROUND 20,https://www.flashscore.com/team/eindhoven-fc/0SOZnGOf/
fu7VbM2A,FC Emmen,NETHERLANDS - EERSTE DIVISIE - ROUND 20,https://www.flashscore.com/team/fc-emmen/fu7VbM2A/
r1L5w2EB,Zwolle,NETHERLANDS - EERSTE DIVISIE - ROUND 20,https://www.flashscore.com/team/zwolle/r1L5w2EB/
EDjXSyWG,Venlo,NETHERLANDS - EERSTE DIVISIE - ROUND 20,https://www.flashscore.com/team/venlo/EDjXSyWG/
OUs0KUs2,De Graafschap,NETHERLANDS - EERSTE DIVISIE - ROUND 20,https://www.flashscore.com/team/de-graafschap/OUs0KUs2/
pvqdLASe,Capelle,NETHERLANDS - EERSTE DIVISIE - ROUND 20,https://www.flashscore.com/team/capelle/pvqdLASe/
